subscription_id,customer_id,plan,start_date,end_date,duration_months,price_per_month,is_active
1,2,Plus,2023-06-25,2023-09-24,3,19.99,0
2,3,Pro,2025-01-04,2026-01-03,12,34.99,1
3,4,Plus,2025-01-20,2025-07-21,6,19.99,0
4,5,Plus,2025-02-28,2025-08-29,6,19.99,0
5,11,Basic,2024-09-24,2024-12-24,3,9.99,0
6,20,Pro,2023-09-12,2023-12-12,3,34.99,0
7,27,Basic,2024-03-20,2024-06-19,3,9.99,0
8,34,Pro,2024-03-30,2024-06-29,3,34.99,0
9,35,Plus,2024-08-11,2025-08-10,12,19.99,0
10,37,Pro,2023-05-08,2023-11-06,6,34.99,0
11,42,Plus,2024-05-24,2024-08-23,3,19.99,0
12,46,Basic,2024-05-10,2024-11-08,6,9.99,0
13,47,Basic,2025-05-26,2025-08-25,3,9.99,0
14,48,Basic,2025-06-22,2025-09-21,3,9.99,1
15,49,Basic,2024-06-12,2024-12-11,6,9.99,0
16,53,Plus,2023-05-23,2023-11-21,6,19.99,0
17,62,Pro,2023-03-10,2023-06-09,3,34.99,0
18,67,Plus,2024-08-16,2025-08-15,12,19.99,0
19,69,Pro,2024-02-10,2024-08-10,6,34.99,0
20,70,Plus,2024-04-16,2024-10-15,6,19.99,0
21,72,Plus,2025-02-09,2026-02-08,12,19.99,1
22,76,Basic,2025-04-30,2025-10-29,6,9.99,1
23,77,Plus,2025-03-01,2025-08-30,6,19.99,0
24,84,Basic,2023-07-29,2024-01-27,6,9.99,0
25,88,Basic,2023-10-15,2024-04-14,6,9.99,0
26,91,Plus,2023-04-08,2023-10-07,6,19.99,0
27,95,Pro,2025-07-07,2026-01-05,6,34.99,1
28,98,Plus,2024-08-22,2025-08-21,12,19.99,0
29,104,Pro,2023-12-19,2024-06-18,6,34.99,0
30,106,Basic,2024-04-14,2024-10-13,6,9.99,0
31,107,Basic,2024-11-23,2025-02-22,3,9.99,0
32,110,Plus,2023-05-23,2023-11-21,6,19.99,0
33,111,Basic,2023-04-20,2024-10-18,18,9.99,0
34,112,Plus,2023-02-02,2023-05-04,3,19.99,0
35,114,Basic,2024-11-04,2025-05-05,6,9.99,0
36,117,Basic,2024-02-20,2024-05-21,3,9.99,0
37,121,Pro,2025-06-30,2025-12-29,6,34.99,1
38,122,Plus,2025-07-29,2025-10-28,3,19.99,1
39,125,Pro,2024-05-23,2025-11-21,18,34.99,1
40,126,Basic,2023-10-06,2024-04-05,6,9.99,0
41,128,Pro,2025-01-02,2025-04-03,3,34.99,0
42,130,Plus,2025-03-12,2025-06-11,3,19.99,0
43,132,Basic,2024-09-28,2025-09-27,12,9.99,1
44,133,Plus,2025-04-27,2026-04-26,12,19.99,1
45,135,Basic,2025-07-29,2026-07-28,12,9.99,1
46,144,Pro,2024-11-18,2025-05-19,6,34.99,0
47,146,Plus,2024-03-31,2024-06-30,3,19.99,0
48,148,Basic,2024-10-28,2025-04-28,6,9.99,0
49,150,Plus,2025-01-08,2025-07-09,6,19.99,0
50,153,Basic,2023-02-28,2023-05-30,3,9.99,0
51,156,Basic,2024-09-14,2024-12-14,3,9.99,0
52,160,Basic,2023-02-03,2023-08-04,6,9.99,0
53,161,Plus,2023-07-13,2024-01-11,6,19.99,0
54,165,Pro,2023-10-16,2024-04-15,6,34.99,0
55,174,Basic,2023-09-05,2023-12-05,3,9.99,0
56,179,Basic,2024-01-17,2025-07-17,18,9.99,0
57,181,Basic,2024-06-28,2024-12-27,6,9.99,0
58,182,Basic,2023-10-25,2024-04-24,6,9.99,0
59,188,Basic,2025-04-20,2025-07-20,3,9.99,0
60,189,Pro,2023-03-09,2023-09-07,6,34.99,0
61,190,Pro,2024-04-06,2025-10-05,18,34.99,1
62,197,Plus,2023-03-23,2023-09-21,6,19.99,0
63,202,Basic,2024-03-13,2025-03-12,12,9.99,0
64,203,Plus,2025-04-25,2025-07-25,3,19.99,0
65,207,Basic,2024-12-26,2026-06-26,18,9.99,1
66,212,Plus,2024-08-27,2026-02-25,18,19.99,1
67,214,Basic,2023-03-11,2023-06-10,3,9.99,0
68,215,Pro,2023-10-15,2024-04-14,6,34.99,0
69,216,Basic,2023-06-06,2024-12-04,18,9.99,0
70,219,Plus,2025-07-27,2026-01-25,6,19.99,1
71,223,Basic,2023-01-16,2023-04-17,3,9.99,0
72,226,Basic,2023-09-25,2023-12-25,3,9.99,0
73,233,Basic,2023-12-08,2024-03-08,3,9.99,0
74,235,Basic,2024-09-13,2024-12-13,3,9.99,0
75,236,Basic,2024-08-10,2025-08-09,12,9.99,0
76,239,Basic,2024-09-13,2024-12-13,3,9.99,0
77,245,Plus,2025-07-11,2026-01-09,6,19.99,1
78,248,Basic,2023-03-19,2023-06-18,3,9.99,0
79,253,Plus,2025-07-06,2025-10-05,3,19.99,1
80,259,Pro,2024-08-14,2025-08-13,12,34.99,0
81,262,Plus,2024-05-14,2024-11-12,6,19.99,0
82,266,Basic,2024-05-14,2024-08-13,3,9.99,0
83,267,Basic,2023-07-03,2024-01-01,6,9.99,0
84,269,Plus,2024-07-19,2024-10-18,3,19.99,0
85,270,Pro,2023-05-16,2023-08-15,3,34.99,0
86,277,Plus,2025-03-17,2025-09-15,6,19.99,0
87,280,Basic,2023-12-05,2024-12-03,12,9.99,0
88,284,Basic,2023-06-22,2023-12-21,6,9.99,0
89,286,Basic,2025-01-20,2026-01-19,12,9.99,1
90,289,Pro,2023-02-23,2023-05-25,3,34.99,0
91,290,Basic,2023-10-25,2024-04-24,6,9.99,0
92,292,Basic,2024-03-23,2024-06-22,3,9.99,0
93,294,Plus,2025-09-07,2027-03-08,18,19.99,1
94,302,Basic,2024-08-29,2024-11-28,3,9.99,0
95,303,Plus,2024-02-05,2024-08-05,6,19.99,0
96,312,Pro,2024-01-31,2025-01-29,12,34.99,0
97,313,Basic,2025-02-18,2025-05-20,3,9.99,0
98,325,Plus,2025-02-23,2025-05-25,3,19.99,0
99,326,Plus,2025-04-17,2026-04-16,12,19.99,1
100,328,Pro,2024-02-15,2024-05-16,3,34.99,0
101,332,Basic,2024-05-23,2025-05-22,12,9.99,0
102,350,Basic,2023-04-09,2023-07-09,3,9.99,0
103,351,Plus,2023-01-17,2024-07-17,18,19.99,0
104,353,Basic,2023-03-12,2023-09-10,6,9.99,0
105,362,Basic,2024-12-26,2025-06-26,6,9.99,0
106,365,Plus,2025-02-25,2025-08-26,6,19.99,0
107,366,Plus,2025-03-14,2025-06-13,3,19.99,0
108,374,Basic,2024-11-14,2026-05-15,18,9.99,1
109,375,Pro,2023-06-08,2023-09-07,3,34.99,0
110,377,Pro,2023-08-25,2024-08-23,12,34.99,0
111,379,Basic,2023-04-23,2024-10-21,18,9.99,0
112,380,Plus,2023-07-20,2023-10-19,3,19.99,0
113,381,Basic,2023-12-13,2025-06-12,18,9.99,0
114,382,Basic,2024-12-03,2025-03-04,3,9.99,0
115,383,Pro,2024-02-04,2025-02-02,12,34.99,0
116,390,Basic,2025-01-11,2025-04-12,3,9.99,0
117,392,Basic,2024-02-17,2024-05-18,3,9.99,0
118,393,Plus,2023-12-29,2024-06-28,6,19.99,0
119,394,Plus,2024-08-15,2024-11-14,3,19.99,0
120,398,Plus,2024-09-22,2025-09-21,12,19.99,1
121,402,Basic,2025-01-07,2025-07-08,6,9.99,0
122,403,Plus,2023-09-30,2024-09-28,12,19.99,0
123,411,Plus,2024-09-03,2025-09-02,12,19.99,0
124,413,Basic,2025-05-09,2025-11-07,6,9.99,1
125,414,Basic,2023-04-15,2023-07-15,3,9.99,0
126,416,Plus,2024-09-08,2024-12-08,3,19.99,0
127,417,Plus,2023-02-09,2023-08-10,6,19.99,0
128,419,Plus,2025-02-27,2025-08-28,6,19.99,0
129,425,Plus,2023-01-25,2024-01-24,12,19.99,0
130,428,Basic,2024-02-03,2024-05-04,3,9.99,0
131,434,Plus,2023-02-14,2024-02-13,12,19.99,0
132,435,Plus,2024-04-25,2025-04-24,12,19.99,0
133,439,Basic,2023-10-02,2024-04-01,6,9.99,0
134,445,Plus,2023-06-27,2023-12-26,6,19.99,0
135,448,Basic,2024-10-13,2025-04-13,6,9.99,0
136,450,Basic,2024-08-13,2025-08-12,12,9.99,0
137,451,Plus,2023-11-30,2024-11-28,12,19.99,0
138,454,Pro,2025-01-02,2025-07-03,6,34.99,0
139,456,Basic,2023-01-28,2023-04-29,3,9.99,0
140,462,Basic,2023-04-22,2023-07-22,3,9.99,0
141,465,Basic,2024-11-29,2025-11-28,12,9.99,1
142,468,Basic,2024-03-19,2024-09-17,6,9.99,0
143,469,Plus,2025-03-18,2026-09-16,18,19.99,1
144,470,Pro,2025-03-09,2026-03-08,12,34.99,1
145,480,Pro,2024-09-01,2024-12-01,3,34.99,0
146,487,Basic,2023-02-23,2023-05-25,3,9.99,0
147,498,Pro,2023-06-29,2023-09-28,3,34.99,0
148,500,Basic,2023-11-26,2024-05-26,6,9.99,0
149,502,Pro,2023-04-09,2023-07-09,3,34.99,0
150,504,Basic,2024-12-23,2026-06-23,18,9.99,1
151,506,Plus,2023-02-01,2024-01-31,12,19.99,0
152,511,Plus,2025-04-25,2025-10-24,6,19.99,1
153,514,Basic,2023-08-08,2024-02-06,6,9.99,0
154,516,Plus,2025-08-06,2025-11-05,3,19.99,1
155,518,Plus,2023-12-29,2024-03-29,3,19.99,0
156,533,Basic,2023-02-21,2023-08-22,6,9.99,0
157,541,Plus,2023-08-25,2024-02-23,6,19.99,0
158,547,Basic,2025-03-12,2025-09-10,6,9.99,0
159,550,Pro,2024-08-01,2025-01-30,6,34.99,0
160,560,Plus,2023-01-26,2023-07-27,6,19.99,0
161,566,Basic,2023-04-08,2023-07-08,3,9.99,0
162,567,Plus,2023-12-08,2025-06-07,18,19.99,0
163,570,Plus,2025-03-05,2025-09-03,6,19.99,0
164,578,Basic,2023-09-02,2023-12-02,3,9.99,0
165,584,Plus,2024-09-26,2025-09-25,12,19.99,1
166,587,Basic,2025-01-09,2026-01-08,12,9.99,1
167,599,Basic,2024-08-19,2025-08-18,12,9.99,0
168,605,Pro,2025-09-03,2026-03-04,6,34.99,1
169,606,Basic,2025-09-01,2025-12-01,3,9.99,1
170,610,Basic,2024-06-17,2024-09-16,3,9.99,0
171,616,Basic,2023-11-25,2024-11-23,12,9.99,0
172,617,Plus,2023-12-02,2024-06-01,6,19.99,0
173,619,Pro,2023-02-20,2024-02-19,12,34.99,0
174,622,Basic,2024-04-23,2025-04-22,12,9.99,0
175,629,Basic,2025-08-11,2026-02-09,6,9.99,1
176,638,Basic,2023-04-27,2023-10-26,6,9.99,0
177,641,Plus,2025-04-21,2025-10-20,6,19.99,1
178,644,Basic,2023-09-05,2023-12-05,3,9.99,0
179,645,Plus,2025-04-10,2025-07-10,3,19.99,0
180,651,Basic,2024-04-01,2024-09-30,6,9.99,0
181,652,Basic,2024-06-06,2024-12-05,6,9.99,0
182,656,Pro,2024-04-19,2024-10-18,6,34.99,0
183,658,Basic,2023-11-20,2024-02-19,3,9.99,0
184,659,Basic,2024-08-20,2025-08-19,12,9.99,0
185,667,Plus,2023-11-11,2024-02-10,3,19.99,0
186,668,Plus,2024-07-24,2024-10-23,3,19.99,0
187,670,Plus,2025-04-12,2025-07-12,3,19.99,0
188,673,Basic,2025-09-13,2026-09-12,12,9.99,1
189,685,Plus,2023-11-06,2024-02-05,3,19.99,0
190,686,Plus,2023-01-24,2024-01-23,12,19.99,0
191,690,Basic,2025-07-13,2026-01-11,6,9.99,1
192,691,Basic,2023-02-16,2023-08-17,6,9.99,0
193,692,Plus,2023-07-09,2024-07-07,12,19.99,0
194,693,Plus,2025-03-12,2025-06-11,3,19.99,0
195,694,Basic,2023-05-13,2023-11-11,6,9.99,0
196,697,Plus,2024-11-02,2025-11-01,12,19.99,1
197,701,Basic,2025-07-13,2025-10-12,3,9.99,1
198,705,Plus,2023-05-02,2024-04-30,12,19.99,0
199,708,Plus,2025-09-05,2025-12-05,3,19.99,1
200,714,Pro,2024-05-27,2024-08-26,3,34.99,0
201,718,Plus,2024-03-21,2024-06-20,3,19.99,0
202,724,Pro,2024-06-26,2024-09-25,3,34.99,0
203,725,Basic,2025-01-22,2025-07-23,6,9.99,0
204,728,Plus,2024-03-01,2024-05-31,3,19.99,0
205,733,Plus,2025-08-07,2026-02-05,6,19.99,1
206,736,Plus,2023-08-11,2024-08-09,12,19.99,0
207,739,Plus,2024-07-01,2025-06-30,12,19.99,0
208,740,Plus,2024-01-09,2024-04-09,3,19.99,0
209,744,Basic,2024-01-07,2024-04-07,3,9.99,0
210,747,Basic,2024-05-21,2025-05-20,12,9.99,0
211,768,Pro,2023-07-02,2024-06-30,12,34.99,0
212,771,Basic,2025-07-20,2026-01-18,6,9.99,1
213,774,Basic,2024-11-08,2025-05-09,6,9.99,0
214,776,Pro,2024-09-04,2025-09-03,12,34.99,0
215,777,Plus,2024-04-02,2024-10-01,6,19.99,0
216,780,Basic,2024-07-10,2025-07-09,12,9.99,0
217,782,Plus,2023-04-06,2023-10-05,6,19.99,0
218,788,Basic,2024-01-12,2025-01-10,12,9.99,0
219,795,Basic,2023-09-13,2024-03-13,6,9.99,0
220,796,Basic,2024-06-02,2024-12-01,6,9.99,0
221,799,Pro,2023-05-05,2023-08-04,3,34.99,0
222,802,Basic,2025-05-22,2026-05-21,12,9.99,1
223,803,Plus,2023-04-20,2023-07-20,3,19.99,0
224,810,Basic,2023-09-11,2023-12-11,3,9.99,0
225,813,Plus,2023-07-09,2025-01-06,18,19.99,0
226,815,Pro,2024-08-25,2024-11-24,3,34.99,0
227,816,Basic,2023-11-01,2024-10-30,12,9.99,0
228,819,Plus,2024-11-24,2025-02-23,3,19.99,0
229,820,Basic,2023-09-29,2024-09-27,12,9.99,0
230,824,Basic,2023-07-09,2024-01-07,6,9.99,0
231,825,Plus,2025-02-17,2026-02-16,12,19.99,1
232,835,Basic,2023-09-21,2023-12-21,3,9.99,0
233,842,Pro,2024-08-01,2024-10-31,3,34.99,0
234,844,Plus,2024-07-28,2026-01-26,18,19.99,1
235,847,Plus,2024-07-30,2025-07-29,12,19.99,0
236,849,Pro,2023-03-11,2024-03-09,12,34.99,0
237,855,Plus,2025-01-16,2025-07-17,6,19.99,0
238,856,Basic,2023-10-18,2024-01-17,3,9.99,0
239,857,Plus,2024-09-27,2025-03-28,6,19.99,0
240,863,Basic,2025-04-04,2026-04-03,12,9.99,1
241,877,Plus,2023-12-20,2024-03-20,3,19.99,0
242,882,Pro,2025-05-25,2025-08-24,3,34.99,0
243,886,Basic,2024-12-19,2025-12-18,12,9.99,1
244,887,Plus,2023-12-24,2024-03-24,3,19.99,0
245,899,Basic,2025-08-30,2025-11-29,3,9.99,1
246,902,Plus,2024-02-03,2024-05-04,3,19.99,0
247,907,Plus,2024-04-26,2024-10-25,6,19.99,0
248,912,Basic,2024-06-21,2024-12-20,6,9.99,0
249,918,Pro,2023-09-25,2024-09-23,12,34.99,0
250,919,Plus,2025-03-06,2025-06-05,3,19.99,0
251,921,Basic,2024-02-13,2024-05-14,3,9.99,0
252,923,Plus,2025-09-09,2026-09-08,12,19.99,1
253,924,Basic,2023-11-14,2024-05-14,6,9.99,0
254,928,Plus,2025-07-30,2027-01-28,18,19.99,1
255,931,Pro,2024-01-09,2024-07-09,6,34.99,0
256,932,Basic,2023-08-02,2024-07-31,12,9.99,0
257,942,Basic,2025-02-14,2026-02-13,12,9.99,1
258,943,Pro,2024-12-07,2025-12-06,12,34.99,1
259,944,Pro,2024-08-09,2025-02-07,6,34.99,0
260,946,Basic,2025-02-26,2025-08-27,6,9.99,0
261,951,Plus,2023-11-18,2025-05-18,18,19.99,0
262,952,Basic,2024-03-12,2024-09-10,6,9.99,0
263,953,Basic,2024-09-10,2025-03-11,6,9.99,0
264,954,Plus,2023-08-10,2023-11-09,3,19.99,0
265,959,Plus,2024-10-20,2025-01-19,3,19.99,0
266,960,Plus,2023-12-08,2024-12-06,12,19.99,0
267,964,Basic,2023-05-13,2023-11-11,6,9.99,0
268,972,Plus,2025-05-21,2025-08-20,3,19.99,0
269,975,Basic,2024-09-09,2024-12-09,3,9.99,0
270,979,Basic,2023-03-31,2023-09-29,6,9.99,0
271,980,Pro,2023-08-23,2023-11-22,3,34.99,0
272,982,Basic,2024-09-19,2025-03-20,6,9.99,0
273,994,Plus,2024-07-05,2024-10-04,3,19.99,0
274,1000,Basic,2024-03-02,2025-03-01,12,9.99,0
275,1005,Basic,2024-04-20,2024-07-20,3,9.99,0
276,1013,Basic,2023-09-28,2024-09-26,12,9.99,0
277,1014,Plus,2024-04-15,2025-04-14,12,19.99,0
278,1019,Basic,2024-04-18,2024-07-18,3,9.99,0
279,1020,Basic,2024-12-11,2025-12-10,12,9.99,1
280,1022,Pro,2025-08-21,2026-02-19,6,34.99,1
281,1025,Pro,2024-10-17,2025-04-17,6,34.99,0
282,1026,Basic,2023-09-01,2024-08-30,12,9.99,0
283,1028,Basic,2024-02-22,2024-08-22,6,9.99,0
284,1032,Plus,2025-07-16,2025-10-15,3,19.99,1
285,1033,Pro,2025-08-30,2025-11-29,3,34.99,1
286,1041,Basic,2024-02-19,2024-08-19,6,9.99,0
287,1044,Basic,2023-06-01,2023-11-30,6,9.99,0
288,1046,Basic,2023-04-09,2023-10-08,6,9.99,0
289,1047,Basic,2023-02-23,2023-08-24,6,9.99,0
290,1051,Basic,2024-08-04,2025-02-02,6,9.99,0
291,1052,Basic,2025-07-07,2026-07-06,12,9.99,1
292,1054,Plus,2023-06-11,2023-12-10,6,19.99,0
293,1056,Plus,2024-01-01,2024-07-01,6,19.99,0
294,1057,Basic,2025-07-06,2025-10-05,3,9.99,1
295,1059,Basic,2024-11-04,2025-05-05,6,9.99,0
296,1062,Plus,2025-05-10,2026-05-09,12,19.99,1
297,1070,Basic,2023-04-15,2023-10-14,6,9.99,0
298,1075,Basic,2023-05-19,2024-05-17,12,9.99,0
299,1076,Basic,2024-07-02,2025-07-01,12,9.99,0
300,1079,Pro,2025-04-11,2026-10-10,18,34.99,1
301,1083,Basic,2023-05-04,2023-08-03,3,9.99,0
302,1084,Plus,2024-02-29,2025-02-27,12,19.99,0
303,1088,Pro,2025-02-12,2025-08-13,6,34.99,0
304,1089,Plus,2025-04-16,2025-07-16,3,19.99,0
305,1093,Plus,2024-01-17,2024-07-17,6,19.99,0
306,1094,Basic,2025-05-02,2025-10-31,6,9.99,1
307,1095,Basic,2025-03-23,2025-09-21,6,9.99,1
308,1097,Plus,2023-10-13,2024-10-11,12,19.99,0
309,1098,Pro,2025-05-12,2025-11-10,6,34.99,1
310,1099,Plus,2025-06-09,2025-12-08,6,19.99,1
311,1100,Plus,2023-06-30,2023-09-29,3,19.99,0
312,1104,Plus,2025-01-23,2025-04-24,3,19.99,0
313,1107,Basic,2024-10-09,2025-04-09,6,9.99,0
314,1110,Plus,2023-07-27,2024-07-25,12,19.99,0
315,1111,Plus,2023-09-25,2024-03-25,6,19.99,0
316,1113,Plus,2024-09-13,2025-03-14,6,19.99,0
317,1118,Pro,2023-09-03,2024-09-01,12,34.99,0
318,1126,Basic,2025-03-12,2025-06-11,3,9.99,0
319,1128,Basic,2024-06-15,2024-09-14,3,9.99,0
320,1138,Plus,2023-11-13,2024-11-11,12,19.99,0
321,1141,Basic,2023-09-07,2023-12-07,3,9.99,0
322,1150,Pro,2023-06-13,2023-12-12,6,34.99,0
323,1152,Basic,2024-10-10,2025-04-10,6,9.99,0
324,1154,Plus,2025-08-30,2026-08-29,12,19.99,1
325,1155,Basic,2025-03-19,2025-06-18,3,9.99,0
326,1157,Plus,2025-06-19,2025-12-18,6,19.99,1
327,1167,Basic,2023-12-08,2024-12-06,12,9.99,0
328,1168,Basic,2024-02-24,2025-02-22,12,9.99,0
329,1169,Pro,2025-04-04,2025-07-04,3,34.99,0
330,1173,Plus,2023-04-21,2023-10-20,6,19.99,0
331,1176,Basic,2025-09-03,2026-03-04,6,9.99,1
332,1182,Plus,2023-01-29,2023-04-30,3,19.99,0
333,1192,Basic,2024-04-22,2024-07-22,3,9.99,0
334,1197,Plus,2024-08-16,2024-11-15,3,19.99,0
335,1202,Pro,2024-06-26,2025-06-25,12,34.99,0
336,1210,Plus,2024-10-30,2025-01-29,3,19.99,0
337,1215,Plus,2023-06-24,2023-09-23,3,19.99,0
338,1217,Plus,2023-09-23,2024-03-23,6,19.99,0
339,1222,Plus,2025-01-13,2025-04-14,3,19.99,0
340,1223,Plus,2023-01-03,2023-07-04,6,19.99,0
341,1227,Plus,2024-11-12,2025-02-11,3,19.99,0
342,1233,Plus,2024-03-11,2024-09-09,6,19.99,0
343,1238,Basic,2025-07-02,2025-12-31,6,9.99,1
344,1243,Plus,2024-12-08,2025-12-07,12,19.99,1
345,1252,Basic,2023-11-22,2024-11-20,12,9.99,0
346,1257,Basic,2024-05-26,2025-05-25,12,9.99,0
347,1260,Basic,2024-07-28,2024-10-27,3,9.99,0
348,1262,Plus,2023-05-09,2024-05-07,12,19.99,0
349,1265,Basic,2023-11-07,2024-02-06,3,9.99,0
350,1267,Plus,2024-11-01,2025-01-31,3,19.99,0
351,1272,Basic,2024-01-24,2025-01-22,12,9.99,0
352,1280,Basic,2023-01-29,2023-07-30,6,9.99,0
353,1285,Basic,2023-12-29,2024-06-28,6,9.99,0
354,1287,Plus,2025-04-17,2025-07-17,3,19.99,0
355,1289,Plus,2024-08-24,2026-02-22,18,19.99,1
356,1294,Basic,2024-08-27,2024-11-26,3,9.99,0
357,1298,Basic,2024-12-31,2025-04-01,3,9.99,0
358,1308,Plus,2023-09-03,2025-03-03,18,19.99,0
359,1312,Plus,2024-07-26,2025-01-24,6,19.99,0
360,1314,Basic,2024-11-10,2025-02-09,3,9.99,0
361,1318,Plus,2023-07-04,2024-01-02,6,19.99,0
362,1320,Plus,2023-11-21,2024-05-21,6,19.99,0
363,1321,Basic,2023-04-19,2023-07-19,3,9.99,0
364,1322,Plus,2024-12-12,2025-03-13,3,19.99,0
365,1323,Basic,2024-01-23,2025-07-23,18,9.99,0
366,1324,Basic,2024-08-27,2025-02-25,6,9.99,0
367,1327,Plus,2025-07-28,2025-10-27,3,19.99,1
368,1329,Basic,2023-11-04,2024-02-03,3,9.99,0
369,1330,Plus,2025-04-11,2026-04-10,12,19.99,1
370,1338,Basic,2024-12-29,2025-06-29,6,9.99,0
371,1342,Basic,2024-03-05,2025-03-04,12,9.99,0
372,1353,Basic,2023-05-30,2023-11-28,6,9.99,0
373,1356,Basic,2023-06-03,2023-09-02,3,9.99,0
374,1359,Basic,2024-06-04,2024-09-03,3,9.99,0
375,1362,Basic,2023-07-02,2024-06-30,12,9.99,0
376,1364,Basic,2024-03-20,2024-06-19,3,9.99,0
377,1367,Basic,2023-09-04,2023-12-04,3,9.99,0
378,1368,Plus,2025-03-13,2025-09-11,6,19.99,0
379,1371,Pro,2025-09-03,2026-03-04,6,34.99,1
380,1373,Basic,2023-09-16,2023-12-16,3,9.99,0
381,1377,Basic,2025-01-02,2026-01-01,12,9.99,1
382,1378,Plus,2025-03-06,2026-03-05,12,19.99,1
383,1379,Plus,2023-04-11,2023-10-10,6,19.99,0
384,1386,Pro,2023-04-01,2024-03-30,12,34.99,0
385,1388,Pro,2025-01-06,2025-07-07,6,34.99,0
386,1389,Basic,2025-06-08,2025-12-07,6,9.99,1
387,1395,Plus,2024-06-27,2025-06-26,12,19.99,0
388,1400,Plus,2025-09-09,2027-03-10,18,19.99,1
389,1404,Basic,2023-12-14,2024-03-14,3,9.99,0
390,1407,Pro,2025-08-17,2025-11-16,3,34.99,1
391,1409,Plus,2024-07-03,2024-10-02,3,19.99,0
392,1410,Basic,2024-07-03,2024-10-02,3,9.99,0
393,1411,Pro,2024-05-06,2024-11-04,6,34.99,0
394,1412,Basic,2024-04-12,2024-10-11,6,9.99,0
395,1416,Basic,2025-06-21,2025-12-20,6,9.99,1
396,1417,Basic,2023-09-11,2023-12-11,3,9.99,0
397,1419,Plus,2023-03-16,2023-06-15,3,19.99,0
398,1420,Basic,2024-01-14,2025-01-12,12,9.99,0
399,1434,Plus,2025-03-24,2025-06-23,3,19.99,0
400,1435,Plus,2025-01-04,2025-07-05,6,19.99,0
401,1436,Basic,2025-02-21,2025-08-22,6,9.99,0
402,1437,Basic,2023-11-27,2024-02-26,3,9.99,0
403,1439,Plus,2023-08-04,2023-11-03,3,19.99,0
404,1440,Plus,2023-05-17,2024-05-15,12,19.99,0
405,1443,Basic,2024-06-08,2025-06-07,12,9.99,0
406,1445,Plus,2023-07-12,2024-01-10,6,19.99,0
407,1456,Basic,2024-12-29,2025-03-30,3,9.99,0
408,1463,Plus,2023-10-26,2024-10-24,12,19.99,0
409,1464,Basic,2024-06-11,2024-09-10,3,9.99,0
410,1474,Basic,2025-08-09,2026-02-07,6,9.99,1
411,1479,Basic,2025-02-27,2025-08-28,6,9.99,0
412,1495,Basic,2023-02-12,2023-05-14,3,9.99,0
413,1496,Basic,2024-03-31,2025-09-29,18,9.99,1
414,1499,Plus,2024-06-20,2025-06-19,12,19.99,0
415,1513,Basic,2023-03-30,2023-09-28,6,9.99,0
416,1520,Pro,2024-10-02,2025-04-02,6,34.99,0
417,1529,Plus,2024-05-30,2024-08-29,3,19.99,0
418,1531,Basic,2023-06-18,2023-09-17,3,9.99,0
419,1533,Basic,2025-08-18,2026-08-17,12,9.99,1
420,1535,Plus,2024-06-09,2024-09-08,3,19.99,0
421,1537,Plus,2024-11-17,2025-02-16,3,19.99,0
422,1539,Basic,2024-05-04,2024-08-03,3,9.99,0
423,1540,Pro,2024-07-22,2025-01-20,6,34.99,0
424,1544,Pro,2023-07-12,2025-01-09,18,34.99,0
425,1545,Basic,2024-12-01,2025-11-30,12,9.99,1
426,1550,Plus,2025-09-14,2026-09-13,12,19.99,1
427,1553,Basic,2023-08-01,2023-10-31,3,9.99,0
428,1554,Basic,2024-09-12,2025-09-11,12,9.99,0
429,1555,Basic,2024-04-03,2025-04-02,12,9.99,0
430,1562,Pro,2024-09-20,2024-12-20,3,34.99,0
431,1563,Plus,2024-12-09,2025-06-09,6,19.99,0
432,1565,Basic,2024-11-24,2025-05-25,6,9.99,0
433,1566,Basic,2025-04-04,2026-04-03,12,9.99,1
434,1568,Basic,2024-07-05,2024-10-04,3,9.99,0
435,1579,Plus,2025-01-29,2026-07-30,18,19.99,1
436,1581,Plus,2024-11-19,2025-02-18,3,19.99,0
437,1587,Plus,2023-01-27,2024-07-27,18,19.99,0
438,1592,Basic,2024-07-21,2024-10-20,3,9.99,0
439,1601,Plus,2024-05-29,2024-08-28,3,19.99,0
440,1602,Plus,2023-08-05,2024-08-03,12,19.99,0
441,1609,Plus,2023-11-22,2025-05-22,18,19.99,0
442,1612,Basic,2024-03-20,2024-09-18,6,9.99,0
443,1614,Plus,2023-06-01,2023-08-31,3,19.99,0
444,1615,Basic,2024-09-03,2025-03-04,6,9.99,0
445,1616,Plus,2023-10-18,2024-04-17,6,19.99,0
446,1618,Basic,2025-04-30,2025-07-30,3,9.99,0
447,1620,Plus,2023-01-26,2023-07-27,6,19.99,0
448,1628,Plus,2025-07-09,2026-07-08,12,19.99,1
449,1630,Plus,2023-01-27,2023-07-28,6,19.99,0
450,1634,Plus,2023-01-14,2023-04-15,3,19.99,0
451,1641,Basic,2023-02-07,2023-08-08,6,9.99,0
452,1647,Plus,2025-01-07,2026-01-06,12,19.99,1
453,1649,Basic,2024-12-05,2025-06-05,6,9.99,0
454,1653,Plus,2023-12-11,2024-06-10,6,19.99,0
455,1654,Basic,2023-09-01,2024-08-30,12,9.99,0
456,1655,Basic,2025-02-02,2025-05-04,3,9.99,0
457,1660,Basic,2025-07-07,2025-10-06,3,9.99,1
458,1662,Pro,2023-08-24,2023-11-23,3,34.99,0
459,1670,Basic,2023-05-26,2023-08-25,3,9.99,0
460,1672,Pro,2023-04-18,2023-07-18,3,34.99,0
461,1673,Basic,2024-12-24,2025-03-25,3,9.99,0
462,1678,Basic,2024-08-09,2025-02-07,6,9.99,0
463,1683,Pro,2023-08-04,2023-11-03,3,34.99,0
464,1687,Basic,2024-04-30,2024-07-30,3,9.99,0
465,1691,Basic,2024-09-08,2025-03-09,6,9.99,0
466,1701,Basic,2025-05-19,2025-11-17,6,9.99,1
467,1709,Plus,2024-06-06,2024-12-05,6,19.99,0
468,1710,Basic,2024-05-25,2024-11-23,6,9.99,0
469,1712,Plus,2024-07-17,2024-10-16,3,19.99,0
470,1716,Basic,2025-05-16,2025-08-15,3,9.99,0
471,1717,Basic,2025-04-14,2025-07-14,3,9.99,0
472,1723,Plus,2023-07-02,2024-06-30,12,19.99,0
473,1726,Plus,2024-01-10,2024-04-10,3,19.99,0
474,1728,Plus,2024-04-13,2024-07-13,3,19.99,0
475,1731,Pro,2025-04-21,2026-04-20,12,34.99,1
476,1735,Pro,2024-12-25,2025-03-26,3,34.99,0
477,1745,Pro,2023-01-09,2023-04-10,3,34.99,0
478,1746,Plus,2023-09-08,2024-03-08,6,19.99,0
479,1751,Plus,2024-04-24,2024-10-23,6,19.99,0
480,1752,Plus,2023-03-21,2024-03-19,12,19.99,0
481,1754,Basic,2024-01-10,2024-04-10,3,9.99,0
482,1755,Plus,2025-07-14,2026-01-12,6,19.99,1
483,1763,Plus,2024-04-28,2024-10-27,6,19.99,0
484,1765,Basic,2024-06-27,2024-12-26,6,9.99,0
485,1766,Plus,2023-04-29,2024-04-27,12,19.99,0
486,1769,Basic,2023-09-05,2023-12-05,3,9.99,0
487,1775,Basic,2025-04-11,2025-10-10,6,9.99,1
488,1778,Basic,2025-03-11,2025-06-10,3,9.99,0
489,1785,Basic,2023-06-10,2023-12-09,6,9.99,0
490,1789,Plus,2025-08-19,2025-11-18,3,19.99,1
491,1790,Basic,2025-01-04,2025-07-05,6,9.99,0
492,1796,Basic,2024-12-23,2025-06-23,6,9.99,0
493,1801,Basic,2024-04-14,2024-07-14,3,9.99,0
494,1810,Basic,2025-09-06,2025-12-06,3,9.99,1
495,1811,Basic,2025-08-02,2026-08-01,12,9.99,1
496,1812,Basic,2025-01-26,2025-07-27,6,9.99,0
497,1819,Pro,2024-12-29,2025-12-28,12,34.99,1
498,1827,Basic,2025-06-13,2025-09-12,3,9.99,0
499,1829,Plus,2023-11-11,2024-05-11,6,19.99,0
500,1832,Plus,2024-05-19,2024-11-17,6,19.99,0
501,1833,Plus,2023-01-16,2023-04-17,3,19.99,0
502,1834,Plus,2023-10-15,2024-10-13,12,19.99,0
503,1838,Basic,2023-06-21,2024-12-19,18,9.99,0
504,1842,Plus,2024-10-14,2025-01-13,3,19.99,0
505,1844,Basic,2023-03-29,2023-09-27,6,9.99,0
506,1849,Plus,2024-06-12,2024-09-11,3,19.99,0
507,1850,Basic,2023-02-03,2023-08-04,6,9.99,0
508,1854,Pro,2025-07-24,2026-07-23,12,34.99,1
509,1859,Plus,2023-10-31,2024-01-30,3,19.99,0
510,1864,Basic,2025-01-12,2025-04-13,3,9.99,0
511,1867,Basic,2025-01-08,2025-04-09,3,9.99,0
512,1871,Basic,2024-10-25,2025-01-24,3,9.99,0
513,1873,Basic,2023-10-27,2024-01-26,3,9.99,0
514,1874,Basic,2025-04-16,2025-10-15,6,9.99,1
515,1881,Plus,2024-03-31,2025-03-30,12,19.99,0
516,1882,Basic,2023-05-20,2023-11-18,6,9.99,0
517,1884,Basic,2025-02-12,2025-08-13,6,9.99,0
518,1888,Pro,2025-07-21,2025-10-20,3,34.99,1
519,1889,Plus,2023-06-29,2024-06-27,12,19.99,0
520,1891,Basic,2024-01-30,2025-01-28,12,9.99,0
521,1893,Basic,2023-02-08,2023-08-09,6,9.99,0
522,1894,Pro,2025-01-23,2025-07-24,6,34.99,0
523,1895,Plus,2024-05-15,2024-08-14,3,19.99,0
524,1896,Plus,2024-09-06,2026-03-07,18,19.99,1
525,1901,Basic,2024-12-30,2025-12-29,12,9.99,1
526,1905,Basic,2023-10-31,2024-01-30,3,9.99,0
527,1906,Basic,2023-12-21,2024-06-20,6,9.99,0
528,1909,Basic,2024-04-19,2024-10-18,6,9.99,0
529,1915,Pro,2025-08-25,2026-02-23,6,34.99,1
530,1917,Plus,2024-05-31,2024-08-30,3,19.99,0
531,1918,Basic,2023-03-08,2023-06-07,3,9.99,0
532,1926,Basic,2023-12-28,2024-12-26,12,9.99,0
533,1930,Plus,2025-06-27,2026-12-26,18,19.99,1
534,1933,Basic,2025-07-25,2026-01-23,6,9.99,1
535,1934,Basic,2024-08-17,2024-11-16,3,9.99,0
536,1936,Basic,2023-02-17,2024-08-17,18,9.99,0
537,1940,Plus,2024-03-07,2024-06-06,3,19.99,0
538,1941,Basic,2024-06-27,2024-09-26,3,9.99,0
539,1956,Basic,2024-11-23,2025-05-24,6,9.99,0
540,1961,Basic,2024-06-20,2025-06-19,12,9.99,0
541,1962,Plus,2025-02-18,2025-08-19,6,19.99,0
542,1964,Basic,2023-03-18,2024-03-16,12,9.99,0
543,1967,Basic,2023-11-29,2024-02-28,3,9.99,0
544,1968,Pro,2023-12-06,2024-06-05,6,34.99,0
545,1970,Basic,2023-07-27,2025-01-24,18,9.99,0
546,1978,Basic,2025-04-26,2025-07-26,3,9.99,0
547,1980,Plus,2024-09-19,2025-09-18,12,19.99,1
548,1983,Pro,2023-01-21,2024-01-20,12,34.99,0
549,1984,Plus,2023-11-26,2024-05-26,6,19.99,0
550,1985,Basic,2023-08-29,2024-08-27,12,9.99,0
551,2001,Plus,2023-05-17,2024-05-15,12,19.99,0
552,2007,Basic,2023-07-24,2023-10-23,3,9.99,0
553,2019,Basic,2023-12-31,2024-12-29,12,9.99,0
554,2020,Pro,2023-01-09,2023-07-10,6,34.99,0
555,2022,Basic,2024-06-30,2024-09-29,3,9.99,0
556,2023,Plus,2024-07-20,2025-01-18,6,19.99,0
557,2028,Pro,2025-01-27,2025-07-28,6,34.99,0
558,2035,Pro,2025-05-03,2025-08-02,3,34.99,0
559,2036,Basic,2024-11-18,2025-11-17,12,9.99,1
560,2038,Basic,2024-02-22,2024-05-23,3,9.99,0
561,2040,Basic,2024-10-05,2025-10-04,12,9.99,1
562,2045,Pro,2025-07-03,2026-01-01,6,34.99,1
563,2052,Plus,2023-01-04,2024-01-03,12,19.99,0
564,2057,Plus,2023-07-04,2023-10-03,3,19.99,0
565,2060,Basic,2025-01-16,2026-01-15,12,9.99,1
566,2067,Basic,2025-03-01,2026-02-28,12,9.99,1
567,2068,Basic,2025-06-15,2026-06-14,12,9.99,1
568,2069,Plus,2024-03-29,2024-09-27,6,19.99,0
569,2071,Basic,2024-12-17,2025-12-16,12,9.99,1
570,2076,Basic,2024-06-05,2024-12-04,6,9.99,0
571,2078,Plus,2024-09-18,2024-12-18,3,19.99,0
572,2081,Plus,2023-02-26,2024-02-25,12,19.99,0
573,2082,Plus,2024-02-14,2024-05-15,3,19.99,0
574,2083,Plus,2025-03-02,2026-08-31,18,19.99,1
575,2085,Plus,2025-04-10,2025-10-09,6,19.99,1
576,2086,Plus,2025-04-24,2025-07-24,3,19.99,0
577,2092,Plus,2025-07-12,2025-10-11,3,19.99,1
578,2095,Plus,2024-09-14,2025-09-13,12,19.99,0
579,2096,Plus,2025-01-12,2026-01-11,12,19.99,1
580,2100,Basic,2023-04-14,2023-10-13,6,9.99,0
581,2110,Basic,2023-10-08,2024-01-07,3,9.99,0
582,2116,Basic,2024-05-27,2024-08-26,3,9.99,0
583,2117,Pro,2023-10-11,2024-04-10,6,34.99,0
584,2118,Plus,2025-07-03,2026-01-01,6,19.99,1
585,2126,Basic,2025-07-02,2025-12-31,6,9.99,1
586,2127,Pro,2024-01-12,2024-04-12,3,34.99,0
587,2128,Plus,2024-02-05,2024-05-06,3,19.99,0
588,2129,Plus,2024-12-03,2025-12-02,12,19.99,1
589,2133,Basic,2024-07-18,2026-01-16,18,9.99,1
590,2140,Basic,2024-05-17,2024-08-16,3,9.99,0
591,2143,Pro,2024-06-23,2025-06-22,12,34.99,0
592,2144,Basic,2023-11-23,2024-05-23,6,9.99,0
593,2149,Basic,2025-05-03,2025-08-02,3,9.99,0
594,2152,Pro,2025-04-20,2026-04-19,12,34.99,1
595,2155,Basic,2023-01-01,2023-04-02,3,9.99,0
596,2156,Basic,2023-06-19,2023-09-18,3,9.99,0
597,2157,Basic,2023-08-22,2024-02-20,6,9.99,0
598,2158,Pro,2024-07-07,2025-01-05,6,34.99,0
599,2162,Basic,2024-05-04,2024-11-02,6,9.99,0
600,2171,Basic,2023-05-30,2024-11-27,18,9.99,0
601,2173,Pro,2025-05-01,2025-10-30,6,34.99,1
602,2175,Pro,2023-10-02,2024-09-30,12,34.99,0
603,2178,Pro,2025-05-29,2025-11-27,6,34.99,1
604,2184,Plus,2023-09-26,2024-03-26,6,19.99,0
605,2189,Basic,2024-05-28,2025-05-27,12,9.99,0
606,2191,Pro,2024-01-06,2024-04-06,3,34.99,0
607,2194,Basic,2024-11-29,2026-05-30,18,9.99,1
608,2198,Plus,2023-11-27,2024-11-25,12,19.99,0
609,2199,Basic,2023-01-31,2023-08-01,6,9.99,0
610,2200,Basic,2024-08-16,2025-02-14,6,9.99,0
611,2204,Basic,2024-10-01,2025-04-01,6,9.99,0
612,2205,Basic,2023-04-27,2023-07-27,3,9.99,0
613,2206,Plus,2025-03-04,2025-09-02,6,19.99,0
614,2207,Plus,2024-06-20,2025-06-19,12,19.99,0
615,2208,Basic,2024-09-08,2026-03-09,18,9.99,1
616,2212,Basic,2025-08-10,2027-02-08,18,9.99,1
617,2213,Plus,2023-12-22,2024-03-22,3,19.99,0
618,2218,Plus,2025-09-01,2025-12-01,3,19.99,1
619,2219,Basic,2023-04-11,2023-10-10,6,9.99,0
620,2227,Basic,2024-11-18,2025-02-17,3,9.99,0
621,2230,Plus,2025-05-23,2026-05-22,12,19.99,1
622,2231,Basic,2023-10-06,2024-10-04,12,9.99,0
623,2233,Plus,2024-04-10,2025-04-09,12,19.99,0
624,2235,Basic,2023-01-29,2024-07-29,18,9.99,0
625,2238,Basic,2025-07-15,2026-07-14,12,9.99,1
626,2241,Basic,2025-07-01,2026-06-30,12,9.99,1
627,2244,Plus,2024-11-20,2025-02-19,3,19.99,0
628,2249,Basic,2024-08-07,2025-02-05,6,9.99,0
629,2262,Basic,2023-02-14,2024-02-13,12,9.99,0
630,2265,Plus,2023-11-11,2024-11-09,12,19.99,0
631,2266,Plus,2024-09-10,2024-12-10,3,19.99,0
632,2272,Plus,2023-05-11,2023-08-10,3,19.99,0
633,2280,Plus,2023-01-06,2023-07-07,6,19.99,0
634,2283,Pro,2025-03-03,2025-09-01,6,34.99,0
635,2284,Basic,2024-12-08,2025-12-07,12,9.99,1
636,2286,Pro,2025-04-12,2026-10-11,18,34.99,1
637,2289,Pro,2025-09-03,2026-03-04,6,34.99,1
638,2291,Plus,2023-05-08,2024-05-06,12,19.99,0
639,2294,Basic,2024-12-03,2025-12-02,12,9.99,1
640,2296,Pro,2023-05-05,2023-08-04,3,34.99,0
641,2311,Basic,2025-03-07,2025-06-06,3,9.99,0
642,2319,Plus,2023-05-17,2023-11-15,6,19.99,0
643,2321,Basic,2023-01-28,2024-01-27,12,9.99,0
644,2323,Pro,2023-12-02,2024-03-02,3,34.99,0
645,2324,Pro,2024-06-27,2024-12-26,6,34.99,0
646,2325,Pro,2024-06-19,2025-06-18,12,34.99,0
647,2333,Plus,2025-03-12,2026-03-11,12,19.99,1
648,2339,Basic,2024-02-18,2025-02-16,12,9.99,0
649,2341,Basic,2025-04-07,2025-07-07,3,9.99,0
650,2343,Plus,2023-12-23,2024-12-21,12,19.99,0
651,2344,Basic,2024-11-09,2025-02-08,3,9.99,0
652,2345,Plus,2024-11-07,2025-11-06,12,19.99,1
653,2352,Plus,2024-08-03,2025-08-02,12,19.99,0
654,2355,Basic,2023-01-05,2023-04-06,3,9.99,0
655,2356,Pro,2024-09-02,2025-09-01,12,34.99,0
656,2359,Pro,2024-11-12,2025-02-11,3,34.99,0
657,2361,Plus,2024-11-09,2026-05-10,18,19.99,1
658,2362,Basic,2025-07-28,2026-01-26,6,9.99,1
659,2363,Pro,2024-07-05,2025-01-03,6,34.99,0
660,2364,Plus,2023-01-22,2023-04-23,3,19.99,0
661,2366,Plus,2024-02-16,2024-08-16,6,19.99,0
662,2369,Basic,2023-10-15,2024-04-14,6,9.99,0
663,2372,Basic,2025-01-17,2025-07-18,6,9.99,0
664,2374,Basic,2023-08-12,2024-02-10,6,9.99,0
665,2376,Basic,2025-02-09,2026-02-08,12,9.99,1
666,2378,Pro,2024-02-17,2024-05-18,3,34.99,0
667,2384,Pro,2024-05-31,2025-05-30,12,34.99,0
668,2385,Plus,2024-06-14,2024-09-13,3,19.99,0
669,2386,Basic,2024-10-04,2025-10-03,12,9.99,1
670,2387,Basic,2023-03-01,2024-02-28,12,9.99,0
671,2395,Basic,2025-08-14,2026-02-12,6,9.99,1
672,2396,Plus,2025-04-21,2025-10-20,6,19.99,1
673,2397,Basic,2023-04-20,2023-07-20,3,9.99,0
674,2401,Basic,2023-12-28,2024-12-26,12,9.99,0
675,2403,Plus,2023-08-23,2024-08-21,12,19.99,0
676,2408,Basic,2024-03-22,2024-09-20,6,9.99,0
677,2411,Pro,2025-01-16,2025-04-17,3,34.99,0
678,2415,Plus,2023-08-12,2023-11-11,3,19.99,0
679,2421,Plus,2025-02-25,2025-08-26,6,19.99,0
680,2425,Plus,2023-12-12,2024-03-12,3,19.99,0
681,2428,Plus,2024-05-31,2024-08-30,3,19.99,0
682,2433,Plus,2024-09-24,2025-03-25,6,19.99,0
683,2438,Pro,2025-04-06,2025-10-05,6,34.99,1
684,2444,Basic,2023-03-04,2024-03-02,12,9.99,0
685,2445,Basic,2023-09-08,2024-03-08,6,9.99,0
686,2446,Basic,2025-04-19,2026-04-18,12,9.99,1
687,2448,Plus,2024-03-04,2024-06-03,3,19.99,0
688,2454,Basic,2025-09-08,2025-12-08,3,9.99,1
689,2459,Plus,2023-07-08,2024-01-06,6,19.99,0
690,2460,Basic,2025-07-10,2026-01-08,6,9.99,1
691,2462,Basic,2024-01-04,2024-07-04,6,9.99,0
692,2475,Basic,2024-04-23,2024-07-23,3,9.99,0
693,2480,Plus,2024-08-04,2025-02-02,6,19.99,0
694,2484,Plus,2023-09-26,2024-09-24,12,19.99,0
695,2485,Basic,2024-01-09,2024-07-09,6,9.99,0
696,2487,Basic,2024-09-22,2024-12-22,3,9.99,0
697,2489,Basic,2023-07-07,2024-01-05,6,9.99,0
698,2490,Plus,2024-07-06,2025-07-05,12,19.99,0
699,2491,Plus,2023-04-27,2023-07-27,3,19.99,0
700,2493,Basic,2024-10-12,2025-04-12,6,9.99,0
701,2494,Pro,2025-05-21,2025-11-19,6,34.99,1
702,2495,Basic,2024-10-23,2025-01-22,3,9.99,0
703,2501,Basic,2023-01-03,2023-04-04,3,9.99,0
704,2503,Plus,2023-01-23,2024-01-22,12,19.99,0
705,2505,Plus,2024-05-15,2024-08-14,3,19.99,0
706,2507,Basic,2025-05-01,2025-10-30,6,9.99,1
707,2510,Plus,2025-08-25,2026-02-23,6,19.99,1
708,2512,Plus,2024-04-21,2024-07-21,3,19.99,0
709,2515,Plus,2025-08-24,2026-02-22,6,19.99,1
710,2521,Pro,2023-07-15,2024-07-13,12,34.99,0
711,2523,Basic,2023-11-19,2024-11-17,12,9.99,0
712,2525,Pro,2023-08-14,2024-08-12,12,34.99,0
713,2529,Basic,2024-11-03,2025-11-02,12,9.99,1
714,2532,Basic,2024-07-14,2025-07-13,12,9.99,0
715,2534,Basic,2025-05-18,2025-11-16,6,9.99,1
716,2540,Basic,2024-12-24,2025-12-23,12,9.99,1
717,2547,Basic,2025-01-04,2026-01-03,12,9.99,1
718,2548,Plus,2025-05-19,2026-05-18,12,19.99,1
719,2549,Pro,2023-12-08,2024-03-08,3,34.99,0
720,2556,Basic,2025-05-02,2025-10-31,6,9.99,1
721,2558,Pro,2023-08-28,2024-02-26,6,34.99,0
722,2562,Pro,2025-01-06,2026-07-07,18,34.99,1
723,2564,Basic,2024-09-11,2026-03-12,18,9.99,1
724,2566,Basic,2024-01-25,2024-04-25,3,9.99,0
725,2568,Plus,2023-12-06,2024-06-05,6,19.99,0
726,2574,Plus,2024-11-14,2025-11-13,12,19.99,1
727,2575,Basic,2025-03-19,2025-06-18,3,9.99,0
728,2583,Pro,2025-08-30,2025-11-29,3,34.99,1
729,2584,Plus,2023-02-16,2023-08-17,6,19.99,0
730,2585,Basic,2024-12-24,2026-06-24,18,9.99,1
731,2588,Plus,2025-02-26,2025-08-27,6,19.99,0
732,2590,Pro,2024-10-30,2025-10-29,12,34.99,1
733,2594,Plus,2023-02-03,2024-08-03,18,19.99,0
734,2596,Pro,2025-03-13,2025-09-11,6,34.99,0
735,2597,Basic,2023-05-07,2023-08-06,3,9.99,0
736,2600,Basic,2023-09-14,2024-09-12,12,9.99,0
737,2601,Basic,2023-08-12,2023-11-11,3,9.99,0
738,2603,Basic,2025-03-07,2025-06-06,3,9.99,0
739,2610,Basic,2023-07-25,2024-01-23,6,9.99,0
740,2613,Plus,2024-01-14,2024-07-14,6,19.99,0
741,2615,Basic,2025-04-27,2025-07-27,3,9.99,0
742,2619,Plus,2024-02-13,2024-05-14,3,19.99,0
743,2623,Pro,2025-07-12,2026-07-11,12,34.99,1
744,2624,Basic,2023-10-17,2024-04-16,6,9.99,0
745,2626,Pro,2023-12-16,2024-06-15,6,34.99,0
746,2630,Basic,2025-06-25,2025-12-24,6,9.99,1
747,2633,Basic,2023-02-19,2023-05-21,3,9.99,0
748,2640,Plus,2023-11-28,2024-11-26,12,19.99,0
749,2646,Plus,2024-08-28,2024-11-27,3,19.99,0
750,2649,Plus,2024-11-17,2025-11-16,12,19.99,1
751,2650,Plus,2025-08-06,2025-11-05,3,19.99,1
752,2656,Basic,2024-07-04,2024-10-03,3,9.99,0
753,2658,Basic,2025-05-31,2026-05-30,12,9.99,1
754,2661,Basic,2025-05-04,2025-08-03,3,9.99,0
755,2663,Basic,2025-05-25,2025-11-23,6,9.99,1
756,2665,Plus,2024-01-13,2024-07-13,6,19.99,0
757,2667,Plus,2024-12-12,2025-03-13,3,19.99,0
758,2671,Pro,2025-06-12,2026-12-11,18,34.99,1
759,2673,Basic,2023-07-24,2023-10-23,3,9.99,0
760,2677,Plus,2023-11-13,2024-05-13,6,19.99,0
761,2679,Basic,2024-11-11,2025-05-12,6,9.99,0
762,2680,Plus,2024-09-27,2026-03-28,18,19.99,1
763,2681,Basic,2025-04-20,2025-07-20,3,9.99,0
764,2682,Plus,2025-02-02,2025-05-04,3,19.99,0
765,2683,Basic,2024-01-05,2024-07-05,6,9.99,0
766,2686,Plus,2024-01-31,2024-05-01,3,19.99,0
767,2694,Basic,2024-05-19,2024-08-18,3,9.99,0
768,2700,Plus,2023-10-13,2024-04-12,6,19.99,0
769,2704,Plus,2025-03-24,2025-09-22,6,19.99,1
770,2705,Basic,2024-09-01,2026-03-02,18,9.99,1
771,2706,Basic,2023-10-16,2024-04-15,6,9.99,0
772,2709,Basic,2025-06-13,2025-12-12,6,9.99,1
773,2712,Plus,2024-08-01,2024-10-31,3,19.99,0
774,2713,Basic,2023-11-04,2024-05-04,6,9.99,0
775,2714,Plus,2025-07-29,2025-10-28,3,19.99,1
776,2715,Plus,2023-11-05,2025-05-05,18,19.99,0
777,2717,Basic,2024-09-07,2026-03-08,18,9.99,1
778,2722,Basic,2024-06-02,2025-06-01,12,9.99,0
779,2723,Basic,2024-06-21,2025-06-20,12,9.99,0
780,2724,Basic,2025-04-08,2025-10-07,6,9.99,1
781,2729,Pro,2024-05-22,2024-08-21,3,34.99,0
782,2732,Pro,2024-12-15,2025-03-16,3,34.99,0
783,2735,Basic,2023-04-04,2023-07-04,3,9.99,0
784,2736,Plus,2024-09-15,2026-03-16,18,19.99,1
785,2739,Basic,2024-05-16,2024-08-15,3,9.99,0
786,2740,Basic,2023-03-30,2024-03-28,12,9.99,0
787,2741,Basic,2023-12-26,2024-06-25,6,9.99,0
788,2743,Pro,2023-05-06,2023-11-04,6,34.99,0
789,2745,Plus,2024-06-18,2025-06-17,12,19.99,0
790,2748,Plus,2023-11-13,2024-02-12,3,19.99,0
791,2756,Basic,2025-01-08,2025-07-09,6,9.99,0
792,2757,Basic,2024-11-03,2025-02-02,3,9.99,0
793,2758,Basic,2024-02-17,2025-02-15,12,9.99,0
794,2759,Plus,2024-08-24,2025-08-23,12,19.99,0
795,2762,Pro,2025-06-11,2025-09-10,3,34.99,0
796,2765,Plus,2025-05-26,2026-05-25,12,19.99,1
797,2778,Plus,2024-07-06,2026-01-04,18,19.99,1
798,2781,Basic,2024-08-04,2025-02-02,6,9.99,0
799,2782,Basic,2025-08-20,2025-11-19,3,9.99,1
800,2783,Plus,2025-05-02,2026-05-01,12,19.99,1
801,2794,Plus,2024-10-22,2025-04-22,6,19.99,0
802,2803,Plus,2023-09-30,2023-12-30,3,19.99,0
803,2804,Plus,2024-06-01,2024-11-30,6,19.99,0
804,2811,Plus,2025-05-31,2026-05-30,12,19.99,1
805,2816,Plus,2023-08-14,2023-11-13,3,19.99,0
806,2819,Basic,2024-02-21,2024-08-21,6,9.99,0
807,2821,Basic,2024-11-07,2026-05-08,18,9.99,1
808,2823,Pro,2024-05-16,2024-11-14,6,34.99,0
809,2826,Plus,2025-01-26,2025-04-27,3,19.99,0
810,2827,Plus,2023-08-05,2024-02-03,6,19.99,0
811,2830,Basic,2025-01-14,2026-01-13,12,9.99,1
812,2831,Basic,2024-01-14,2024-07-14,6,9.99,0
813,2832,Basic,2025-02-16,2026-02-15,12,9.99,1
814,2836,Pro,2023-01-21,2023-04-22,3,34.99,0
815,2842,Basic,2025-01-01,2025-07-02,6,9.99,0
816,2864,Basic,2023-09-22,2023-12-22,3,9.99,0
817,2870,Basic,2024-05-07,2025-05-06,12,9.99,0
818,2871,Plus,2023-10-15,2024-01-14,3,19.99,0
819,2872,Basic,2023-06-26,2023-09-25,3,9.99,0
820,2877,Pro,2024-10-03,2025-01-02,3,34.99,0
821,2879,Plus,2025-07-25,2025-10-24,3,19.99,1
822,2882,Plus,2023-10-15,2025-04-14,18,19.99,0
823,2889,Plus,2024-08-26,2025-02-24,6,19.99,0
824,2890,Plus,2024-01-19,2024-07-19,6,19.99,0
825,2891,Plus,2024-12-23,2025-06-23,6,19.99,0
826,2899,Basic,2023-05-19,2024-05-17,12,9.99,0
827,2915,Basic,2025-05-31,2025-11-29,6,9.99,1
828,2917,Basic,2023-06-11,2023-09-10,3,9.99,0
829,2923,Basic,2024-09-09,2025-03-10,6,9.99,0
830,2924,Basic,2024-08-25,2025-08-24,12,9.99,0
831,2938,Basic,2023-09-26,2024-03-26,6,9.99,0
832,2939,Plus,2023-04-18,2023-07-18,3,19.99,0
833,2949,Plus,2025-07-02,2025-10-01,3,19.99,1
834,2953,Basic,2024-05-11,2024-11-09,6,9.99,0
835,2954,Pro,2024-12-15,2025-12-14,12,34.99,1
836,2964,Basic,2025-03-29,2025-06-28,3,9.99,0
837,2967,Plus,2023-12-03,2024-06-02,6,19.99,0
838,2973,Plus,2024-01-18,2024-04-18,3,19.99,0
839,2983,Plus,2025-06-05,2025-12-04,6,19.99,1
840,2996,Basic,2024-04-25,2025-04-24,12,9.99,0
841,2997,Basic,2023-11-06,2024-05-06,6,9.99,0
842,2999,Plus,2025-06-25,2025-12-24,6,19.99,1
843,3008,Basic,2023-11-08,2024-05-08,6,9.99,0
844,3009,Basic,2023-01-09,2023-04-10,3,9.99,0
845,3011,Basic,2023-02-04,2023-05-06,3,9.99,0
846,3018,Pro,2023-08-11,2024-02-09,6,34.99,0
847,3029,Pro,2023-04-04,2023-07-04,3,34.99,0
848,3033,Basic,2024-11-16,2025-11-15,12,9.99,1
849,3034,Pro,2024-06-06,2024-12-05,6,34.99,0
850,3036,Plus,2024-05-21,2024-11-19,6,19.99,0
851,3037,Plus,2023-02-14,2023-05-16,3,19.99,0
852,3043,Pro,2024-02-05,2024-08-05,6,34.99,0
853,3048,Basic,2024-03-20,2024-06-19,3,9.99,0
854,3052,Plus,2025-01-03,2025-07-04,6,19.99,0
855,3056,Basic,2023-01-30,2024-01-29,12,9.99,0
856,3062,Basic,2023-03-19,2023-06-18,3,9.99,0
857,3063,Basic,2024-07-21,2025-01-19,6,9.99,0
858,3064,Plus,2023-12-19,2024-06-18,6,19.99,0
859,3066,Plus,2025-04-25,2025-10-24,6,19.99,1
860,3068,Pro,2024-12-16,2025-12-15,12,34.99,1
861,3069,Basic,2024-10-01,2024-12-31,3,9.99,0
862,3070,Basic,2023-12-22,2024-03-22,3,9.99,0
863,3072,Basic,2023-03-29,2023-09-27,6,9.99,0
864,3075,Pro,2023-10-22,2024-01-21,3,34.99,0
865,3078,Basic,2024-12-20,2025-06-20,6,9.99,0
866,3080,Basic,2025-07-16,2025-10-15,3,9.99,1
867,3087,Pro,2025-05-15,2025-11-13,6,34.99,1
868,3088,Basic,2023-11-14,2024-05-14,6,9.99,0
869,3093,Basic,2025-08-19,2026-08-18,12,9.99,1
870,3094,Plus,2025-05-12,2026-05-11,12,19.99,1
871,3101,Basic,2024-11-28,2025-02-27,3,9.99,0
872,3103,Basic,2024-09-10,2025-09-09,12,9.99,0
873,3110,Basic,2024-06-15,2024-09-14,3,9.99,0
874,3113,Pro,2023-05-24,2023-08-23,3,34.99,0
875,3114,Plus,2025-02-28,2026-02-27,12,19.99,1
876,3116,Basic,2025-03-03,2025-06-02,3,9.99,0
877,3120,Pro,2025-09-10,2026-09-09,12,34.99,1
878,3123,Basic,2025-05-15,2026-05-14,12,9.99,1
879,3126,Basic,2023-08-28,2024-02-26,6,9.99,0
880,3127,Plus,2025-07-27,2026-01-25,6,19.99,1
881,3128,Basic,2024-12-25,2026-06-25,18,9.99,1
882,3129,Basic,2024-01-11,2025-01-09,12,9.99,0
883,3131,Basic,2023-05-13,2024-05-11,12,9.99,0
884,3132,Pro,2023-05-06,2024-11-03,18,34.99,0
885,3134,Plus,2025-07-20,2026-07-19,12,19.99,1
886,3135,Plus,2024-09-02,2024-12-02,3,19.99,0
887,3138,Basic,2025-07-20,2026-07-19,12,9.99,1
888,3140,Plus,2023-10-20,2024-04-19,6,19.99,0
889,3141,Basic,2023-12-21,2024-03-21,3,9.99,0
890,3147,Basic,2024-08-31,2025-08-30,12,9.99,0
891,3150,Pro,2024-03-27,2024-09-25,6,34.99,0
892,3153,Plus,2024-05-17,2024-11-15,6,19.99,0
893,3154,Basic,2025-01-20,2025-04-21,3,9.99,0
894,3162,Plus,2025-08-12,2026-08-11,12,19.99,1
895,3163,Basic,2025-01-06,2025-04-07,3,9.99,0
896,3165,Plus,2023-08-04,2024-02-02,6,19.99,0
897,3167,Plus,2024-06-10,2025-06-09,12,19.99,0
898,3171,Plus,2023-06-22,2024-06-20,12,19.99,0
899,3172,Plus,2025-02-28,2025-08-29,6,19.99,0
900,3175,Plus,2024-04-21,2024-10-20,6,19.99,0
901,3177,Basic,2025-08-12,2025-11-11,3,9.99,1
902,3178,Plus,2024-05-26,2025-05-25,12,19.99,0
903,3181,Pro,2025-03-07,2026-03-06,12,34.99,1
904,3185,Pro,2023-07-30,2024-07-28,12,34.99,0
905,3189,Basic,2023-01-16,2023-07-17,6,9.99,0
906,3190,Pro,2023-10-19,2024-04-18,6,34.99,0
907,3196,Plus,2023-11-22,2024-02-21,3,19.99,0
908,3199,Basic,2023-08-19,2024-02-17,6,9.99,0
909,3202,Plus,2024-04-12,2025-04-11,12,19.99,0
910,3204,Basic,2023-01-21,2023-04-22,3,9.99,0
911,3206,Plus,2024-03-12,2025-09-10,18,19.99,0
912,3209,Pro,2023-03-03,2023-09-01,6,34.99,0
913,3211,Plus,2024-05-15,2025-05-14,12,19.99,0
914,3218,Plus,2025-06-07,2026-06-06,12,19.99,1
915,3219,Plus,2023-08-20,2024-02-18,6,19.99,0
916,3221,Basic,2024-09-13,2025-03-14,6,9.99,0
917,3222,Basic,2024-05-17,2024-08-16,3,9.99,0
918,3229,Plus,2024-08-01,2025-01-30,6,19.99,0
919,3233,Basic,2023-04-30,2023-07-30,3,9.99,0
920,3236,Plus,2024-05-22,2025-05-21,12,19.99,0
921,3239,Plus,2024-05-31,2024-08-30,3,19.99,0
922,3240,Plus,2023-08-10,2023-11-09,3,19.99,0
923,3247,Basic,2024-08-24,2025-02-22,6,9.99,0
924,3249,Basic,2024-04-22,2024-10-21,6,9.99,0
925,3250,Plus,2024-01-08,2024-07-08,6,19.99,0
926,3252,Plus,2025-08-09,2025-11-08,3,19.99,1
927,3253,Pro,2024-04-23,2025-04-22,12,34.99,0
928,3256,Plus,2023-01-21,2024-01-20,12,19.99,0
929,3259,Plus,2024-02-18,2024-08-18,6,19.99,0
930,3260,Plus,2023-02-25,2023-08-26,6,19.99,0
931,3261,Basic,2024-04-13,2025-04-12,12,9.99,0
932,3263,Plus,2024-11-26,2025-05-27,6,19.99,0
933,3268,Plus,2023-10-13,2024-04-12,6,19.99,0
934,3270,Plus,2025-09-01,2026-03-02,6,19.99,1
935,3271,Basic,2024-09-05,2024-12-05,3,9.99,0
936,3272,Basic,2024-11-29,2025-05-30,6,9.99,0
937,3273,Pro,2023-06-23,2023-12-22,6,34.99,0
938,3274,Basic,2023-08-05,2023-11-04,3,9.99,0
939,3275,Basic,2025-05-02,2025-08-01,3,9.99,0
940,3276,Basic,2025-07-17,2026-07-16,12,9.99,1
941,3280,Pro,2025-05-21,2025-11-19,6,34.99,1
942,3282,Plus,2024-10-06,2025-01-05,3,19.99,0
943,3283,Pro,2023-03-31,2023-06-30,3,34.99,0
944,3286,Plus,2025-02-06,2025-05-08,3,19.99,0
945,3289,Basic,2024-03-18,2024-09-16,6,9.99,0
946,3295,Basic,2023-09-30,2024-09-28,12,9.99,0
947,3296,Pro,2023-12-07,2024-03-07,3,34.99,0
948,3299,Basic,2024-09-09,2024-12-09,3,9.99,0
949,3301,Pro,2024-07-11,2025-07-10,12,34.99,0
950,3307,Basic,2023-08-19,2025-02-16,18,9.99,0
951,3308,Basic,2023-06-19,2024-12-17,18,9.99,0
952,3310,Basic,2023-08-21,2024-02-19,6,9.99,0
953,3313,Basic,2023-06-24,2024-12-22,18,9.99,0
954,3314,Plus,2025-09-12,2026-03-13,6,19.99,1
955,3317,Basic,2024-07-11,2024-10-10,3,9.99,0
956,3318,Pro,2024-08-29,2025-02-27,6,34.99,0
957,3327,Pro,2023-12-27,2024-03-27,3,34.99,0
958,3333,Plus,2023-03-22,2024-03-20,12,19.99,0
959,3339,Basic,2023-06-24,2023-09-23,3,9.99,0
960,3341,Basic,2025-08-28,2025-11-27,3,9.99,1
961,3344,Basic,2023-04-26,2023-07-26,3,9.99,0
962,3345,Basic,2025-06-02,2026-06-01,12,9.99,1
963,3346,Basic,2025-06-24,2025-09-23,3,9.99,1
964,3355,Basic,2024-10-04,2025-10-03,12,9.99,1
965,3363,Basic,2024-02-01,2025-08-01,18,9.99,0
966,3365,Plus,2025-01-16,2025-04-17,3,19.99,0
967,3368,Basic,2024-09-05,2025-03-06,6,9.99,0
968,3369,Pro,2024-02-05,2024-08-05,6,34.99,0
969,3370,Basic,2023-08-10,2024-02-08,6,9.99,0
970,3373,Basic,2025-08-30,2026-02-28,6,9.99,1
971,3377,Basic,2024-10-03,2025-04-03,6,9.99,0
972,3378,Plus,2023-09-23,2023-12-23,3,19.99,0
973,3379,Basic,2025-08-14,2025-11-13,3,9.99,1
974,3380,Plus,2024-04-13,2025-04-12,12,19.99,0
975,3388,Pro,2023-11-03,2024-05-03,6,34.99,0
976,3389,Basic,2025-01-01,2025-12-31,12,9.99,1
977,3395,Pro,2025-04-15,2025-07-15,3,34.99,0
978,3399,Pro,2025-06-27,2025-09-26,3,34.99,1
979,3402,Basic,2025-01-13,2025-07-14,6,9.99,0
980,3403,Plus,2023-04-03,2023-07-03,3,19.99,0
981,3406,Basic,2023-11-28,2024-02-27,3,9.99,0
982,3408,Plus,2023-12-22,2024-06-21,6,19.99,0
983,3409,Basic,2024-11-25,2025-11-24,12,9.99,1
984,3412,Basic,2025-04-12,2025-07-12,3,9.99,0
985,3419,Plus,2024-03-22,2024-06-21,3,19.99,0
986,3421,Basic,2023-08-18,2024-08-16,12,9.99,0
987,3425,Basic,2024-04-26,2025-10-25,18,9.99,1
988,3427,Basic,2023-07-01,2023-09-30,3,9.99,0
989,3428,Basic,2023-06-09,2023-12-08,6,9.99,0
990,3429,Plus,2025-04-08,2026-04-07,12,19.99,1
991,3430,Plus,2025-02-15,2025-05-17,3,19.99,0
992,3432,Plus,2024-03-16,2024-06-15,3,19.99,0
993,3433,Basic,2025-03-25,2026-03-24,12,9.99,1
994,3436,Plus,2023-06-16,2023-12-15,6,19.99,0
995,3437,Plus,2023-03-23,2023-06-22,3,19.99,0
996,3440,Basic,2023-11-04,2024-05-04,6,9.99,0
997,3442,Basic,2024-03-11,2024-06-10,3,9.99,0
998,3443,Basic,2023-08-16,2023-11-15,3,9.99,0
999,3446,Basic,2023-10-04,2024-10-02,12,9.99,0
1000,3449,Plus,2023-09-05,2023-12-05,3,19.99,0
1001,3451,Basic,2025-01-30,2026-01-29,12,9.99,1
1002,3452,Pro,2023-07-06,2024-07-04,12,34.99,0
1003,3456,Plus,2023-04-05,2024-04-03,12,19.99,0
1004,3458,Basic,2024-09-30,2024-12-30,3,9.99,0
1005,3462,Pro,2023-11-09,2024-11-07,12,34.99,0
1006,3467,Pro,2023-07-04,2023-10-03,3,34.99,0
1007,3473,Plus,2023-05-05,2024-05-03,12,19.99,0
1008,3474,Basic,2024-06-10,2025-06-09,12,9.99,0
1009,3475,Basic,2023-09-08,2023-12-08,3,9.99,0
1010,3477,Plus,2023-10-07,2024-04-06,6,19.99,0
1011,3478,Pro,2023-01-02,2023-04-03,3,34.99,0
1012,3480,Basic,2023-04-29,2023-10-28,6,9.99,0
1013,3483,Basic,2023-02-14,2024-02-13,12,9.99,0
1014,3484,Basic,2025-04-24,2025-10-23,6,9.99,1
1015,3486,Plus,2024-12-16,2025-06-16,6,19.99,0
1016,3488,Basic,2024-04-16,2024-10-15,6,9.99,0
1017,3490,Plus,2023-01-21,2023-07-22,6,19.99,0
1018,3491,Basic,2023-09-01,2024-03-01,6,9.99,0
1019,3492,Pro,2025-01-09,2025-07-10,6,34.99,0
1020,3493,Plus,2023-10-28,2024-04-27,6,19.99,0
1021,3494,Pro,2023-04-27,2024-04-25,12,34.99,0
1022,3496,Basic,2023-07-09,2023-10-08,3,9.99,0
1023,3502,Plus,2024-08-12,2025-02-10,6,19.99,0
1024,3506,Pro,2023-09-01,2024-03-01,6,34.99,0
1025,3516,Basic,2024-01-02,2024-04-02,3,9.99,0
1026,3517,Basic,2023-02-10,2023-08-11,6,9.99,0
1027,3520,Plus,2024-09-15,2025-09-14,12,19.99,0
1028,3521,Plus,2023-01-10,2023-07-11,6,19.99,0
1029,3522,Pro,2024-10-16,2025-01-15,3,34.99,0
1030,3524,Basic,2023-09-30,2023-12-30,3,9.99,0
1031,3525,Plus,2023-05-08,2024-05-06,12,19.99,0
1032,3527,Plus,2023-06-26,2023-12-25,6,19.99,0
1033,3531,Basic,2023-09-02,2024-08-31,12,9.99,0
1034,3534,Plus,2024-02-18,2024-08-18,6,19.99,0
1035,3537,Basic,2024-05-05,2025-05-04,12,9.99,0
1036,3540,Plus,2023-12-16,2025-06-15,18,19.99,0
1037,3543,Basic,2023-06-15,2024-06-13,12,9.99,0
1038,3548,Plus,2025-06-20,2025-09-19,3,19.99,1
1039,3551,Basic,2024-09-24,2024-12-24,3,9.99,0
1040,3552,Basic,2025-02-24,2025-08-25,6,9.99,0
1041,3553,Plus,2025-02-13,2025-08-14,6,19.99,0
1042,3554,Basic,2023-09-01,2023-12-01,3,9.99,0
1043,3558,Plus,2024-09-08,2025-09-07,12,19.99,0
1044,3561,Plus,2025-08-25,2025-11-24,3,19.99,1
1045,3562,Basic,2024-01-12,2025-01-10,12,9.99,0
1046,3563,Pro,2023-07-08,2024-07-06,12,34.99,0
1047,3564,Plus,2025-08-11,2025-11-10,3,19.99,1
1048,3566,Pro,2024-05-22,2024-11-20,6,34.99,0
1049,3568,Basic,2024-06-03,2024-09-02,3,9.99,0
1050,3575,Basic,2024-09-05,2025-03-06,6,9.99,0
1051,3578,Plus,2024-04-30,2024-10-29,6,19.99,0
1052,3581,Basic,2023-05-02,2023-08-01,3,9.99,0
1053,3582,Basic,2023-03-03,2023-06-02,3,9.99,0
1054,3583,Basic,2023-06-11,2023-09-10,3,9.99,0
1055,3588,Basic,2025-06-14,2025-09-13,3,9.99,0
1056,3600,Basic,2023-02-28,2024-02-27,12,9.99,0
1057,3602,Basic,2024-03-11,2024-09-09,6,9.99,0
1058,3603,Plus,2024-08-20,2024-11-19,3,19.99,0
1059,3604,Basic,2025-05-09,2025-11-07,6,9.99,1
1060,3607,Basic,2023-04-16,2023-07-16,3,9.99,0
1061,3610,Plus,2023-06-20,2023-12-19,6,19.99,0
1062,3612,Basic,2025-03-07,2025-09-05,6,9.99,0
1063,3614,Plus,2023-04-06,2024-04-04,12,19.99,0
1064,3616,Plus,2023-07-05,2024-07-03,12,19.99,0
1065,3617,Plus,2025-06-16,2026-06-15,12,19.99,1
1066,3623,Plus,2024-07-30,2025-01-28,6,19.99,0
1067,3624,Plus,2023-01-19,2024-01-18,12,19.99,0
1068,3628,Plus,2023-01-01,2023-04-02,3,19.99,0
1069,3634,Plus,2024-12-22,2025-06-22,6,19.99,0
1070,3635,Basic,2023-04-05,2023-10-04,6,9.99,0
1071,3638,Plus,2024-10-13,2025-01-12,3,19.99,0
1072,3640,Basic,2024-02-11,2024-05-12,3,9.99,0
1073,3644,Plus,2024-09-30,2024-12-30,3,19.99,0
1074,3649,Pro,2023-05-21,2023-08-20,3,34.99,0
1075,3652,Plus,2025-01-10,2026-01-09,12,19.99,1
1076,3655,Pro,2025-03-03,2025-06-02,3,34.99,0
1077,3658,Basic,2023-06-24,2023-09-23,3,9.99,0
1078,3670,Basic,2024-05-01,2024-10-30,6,9.99,0
1079,3671,Basic,2024-12-28,2025-03-29,3,9.99,0
1080,3673,Plus,2025-04-03,2026-04-02,12,19.99,1
1081,3676,Basic,2024-03-29,2025-03-28,12,9.99,0
1082,3679,Basic,2025-02-11,2026-02-10,12,9.99,1
1083,3682,Plus,2024-08-02,2024-11-01,3,19.99,0
1084,3684,Basic,2024-04-08,2025-04-07,12,9.99,0
1085,3687,Basic,2024-01-20,2024-07-20,6,9.99,0
1086,3689,Basic,2024-11-19,2025-05-20,6,9.99,0
1087,3691,Pro,2025-09-12,2026-03-13,6,34.99,1
1088,3695,Plus,2023-09-26,2024-03-26,6,19.99,0
1089,3697,Basic,2023-09-10,2024-09-08,12,9.99,0
1090,3698,Basic,2024-03-03,2025-09-01,18,9.99,0
1091,3706,Basic,2023-08-15,2023-11-14,3,9.99,0
1092,3709,Basic,2023-09-16,2024-09-14,12,9.99,0
1093,3710,Basic,2025-06-28,2025-09-27,3,9.99,1
1094,3714,Plus,2024-11-28,2025-05-29,6,19.99,0
1095,3719,Plus,2024-11-13,2025-02-12,3,19.99,0
1096,3726,Pro,2023-04-24,2024-04-22,12,34.99,0
1097,3734,Pro,2024-01-09,2024-04-09,3,34.99,0
1098,3745,Pro,2025-07-12,2025-10-11,3,34.99,1
1099,3748,Pro,2025-04-21,2026-04-20,12,34.99,1
1100,3760,Basic,2024-04-15,2025-04-14,12,9.99,0
1101,3764,Basic,2024-08-10,2024-11-09,3,9.99,0
1102,3766,Plus,2023-03-14,2024-03-12,12,19.99,0
1103,3767,Basic,2025-04-13,2025-10-12,6,9.99,1
1104,3770,Plus,2024-12-23,2025-12-22,12,19.99,1
1105,3771,Pro,2024-01-31,2024-05-01,3,34.99,0
1106,3774,Plus,2025-08-18,2025-11-17,3,19.99,1
1107,3779,Plus,2025-07-03,2026-01-01,6,19.99,1
1108,3790,Basic,2024-01-11,2024-04-11,3,9.99,0
1109,3795,Basic,2025-08-02,2027-01-31,18,9.99,1
1110,3799,Plus,2025-02-01,2026-01-31,12,19.99,1
1111,3802,Plus,2024-06-30,2024-12-29,6,19.99,0
1112,3805,Plus,2023-12-17,2024-06-16,6,19.99,0
1113,3809,Plus,2024-12-28,2025-06-28,6,19.99,0
1114,3811,Basic,2023-03-30,2023-09-28,6,9.99,0
1115,3816,Basic,2023-03-30,2023-09-28,6,9.99,0
1116,3817,Basic,2025-03-21,2025-06-20,3,9.99,0
1117,3826,Pro,2025-02-05,2025-08-06,6,34.99,0
1118,3828,Plus,2024-12-07,2025-12-06,12,19.99,1
1119,3829,Basic,2024-04-07,2024-07-07,3,9.99,0
1120,3830,Basic,2023-06-02,2024-05-31,12,9.99,0
1121,3834,Pro,2024-08-10,2024-11-09,3,34.99,0
1122,3835,Basic,2023-12-19,2024-06-18,6,9.99,0
1123,3837,Plus,2024-02-20,2024-08-20,6,19.99,0
1124,3840,Basic,2023-11-13,2024-05-13,6,9.99,0
1125,3841,Plus,2024-03-04,2025-03-03,12,19.99,0
1126,3846,Basic,2023-07-01,2024-06-29,12,9.99,0
1127,3847,Basic,2023-08-17,2024-08-15,12,9.99,0
1128,3852,Pro,2023-06-10,2023-12-09,6,34.99,0
1129,3855,Basic,2024-06-09,2024-12-08,6,9.99,0
1130,3862,Plus,2023-10-03,2024-10-01,12,19.99,0
1131,3863,Basic,2023-03-06,2024-03-04,12,9.99,0
1132,3872,Basic,2025-04-30,2025-07-30,3,9.99,0
1133,3878,Pro,2023-01-06,2023-04-07,3,34.99,0
1134,3881,Basic,2024-01-01,2024-07-01,6,9.99,0
1135,3882,Basic,2024-09-02,2025-09-01,12,9.99,0
1136,3887,Pro,2023-04-15,2024-04-13,12,34.99,0
1137,3893,Basic,2024-03-21,2025-03-20,12,9.99,0
1138,3894,Basic,2024-09-06,2025-03-07,6,9.99,0
1139,3897,Basic,2023-11-01,2024-05-01,6,9.99,0
1140,3901,Plus,2023-12-20,2024-06-19,6,19.99,0
1141,3904,Basic,2024-03-28,2024-06-27,3,9.99,0
1142,3906,Plus,2023-03-09,2023-06-08,3,19.99,0
1143,3915,Plus,2023-07-23,2024-07-21,12,19.99,0
1144,3919,Basic,2024-07-02,2024-12-31,6,9.99,0
1145,3923,Basic,2024-06-26,2024-12-25,6,9.99,0
1146,3924,Pro,2023-08-12,2023-11-11,3,34.99,0
1147,3928,Basic,2024-02-04,2025-02-02,12,9.99,0
1148,3930,Plus,2024-04-19,2024-07-19,3,19.99,0
1149,3933,Basic,2024-04-07,2024-07-07,3,9.99,0
1150,3934,Basic,2025-04-12,2025-07-12,3,9.99,0
1151,3938,Plus,2024-09-30,2024-12-30,3,19.99,0
1152,3941,Plus,2025-01-11,2026-07-12,18,19.99,1
1153,3943,Pro,2025-01-29,2025-07-30,6,34.99,0
1154,3945,Plus,2023-10-08,2024-04-07,6,19.99,0
1155,3946,Plus,2024-03-04,2024-06-03,3,19.99,0
1156,3947,Basic,2023-03-07,2024-03-05,12,9.99,0
1157,3959,Basic,2023-05-04,2023-11-02,6,9.99,0
1158,3960,Plus,2023-06-18,2023-09-17,3,19.99,0
1159,3963,Plus,2023-03-20,2024-03-18,12,19.99,0
1160,3964,Basic,2023-09-25,2023-12-25,3,9.99,0
1161,3970,Pro,2024-05-29,2025-05-28,12,34.99,0
1162,3983,Basic,2024-05-01,2024-10-30,6,9.99,0
1163,3985,Basic,2023-01-31,2023-05-02,3,9.99,0
1164,3989,Pro,2025-02-10,2025-05-12,3,34.99,0
1165,3998,Plus,2023-02-03,2023-05-05,3,19.99,0
1166,4001,Pro,2023-11-15,2024-11-13,12,34.99,0
1167,4002,Plus,2023-09-16,2024-09-14,12,19.99,0
1168,4004,Plus,2025-02-21,2026-02-20,12,19.99,1
1169,4005,Basic,2023-10-25,2024-04-24,6,9.99,0
1170,4010,Plus,2023-05-28,2023-08-27,3,19.99,0
1171,4011,Plus,2024-04-17,2025-10-16,18,19.99,1
1172,4024,Basic,2024-10-08,2025-10-07,12,9.99,1
1173,4025,Pro,2023-10-13,2024-04-12,6,34.99,0
1174,4026,Plus,2025-01-13,2026-01-12,12,19.99,1
1175,4030,Basic,2023-06-07,2023-12-06,6,9.99,0
1176,4034,Pro,2025-01-25,2025-07-26,6,34.99,0
1177,4035,Pro,2024-05-12,2025-05-11,12,34.99,0
1178,4038,Plus,2024-01-01,2024-04-01,3,19.99,0
1179,4042,Plus,2024-06-15,2024-12-14,6,19.99,0
1180,4045,Plus,2025-01-27,2025-04-28,3,19.99,0
1181,4046,Plus,2024-11-12,2025-05-13,6,19.99,0
1182,4049,Basic,2024-12-09,2025-12-08,12,9.99,1
1183,4051,Plus,2023-01-22,2024-01-21,12,19.99,0
1184,4054,Plus,2023-02-26,2023-05-28,3,19.99,0
1185,4055,Pro,2025-03-06,2025-09-04,6,34.99,0
1186,4057,Plus,2023-11-26,2024-05-26,6,19.99,0
1187,4065,Basic,2024-10-26,2025-01-25,3,9.99,0
1188,4067,Plus,2023-05-22,2023-08-21,3,19.99,0
1189,4071,Plus,2025-01-22,2025-04-23,3,19.99,0
1190,4075,Plus,2024-07-19,2024-10-18,3,19.99,0
1191,4082,Basic,2024-02-08,2024-08-08,6,9.99,0
1192,4086,Basic,2025-02-19,2025-05-21,3,9.99,0
1193,4090,Basic,2025-07-29,2026-01-27,6,9.99,1
1194,4091,Plus,2024-01-23,2025-07-23,18,19.99,0
1195,4092,Basic,2023-01-13,2023-04-14,3,9.99,0
1196,4095,Basic,2024-06-09,2024-12-08,6,9.99,0
1197,4099,Plus,2023-07-24,2023-10-23,3,19.99,0
1198,4101,Plus,2024-07-29,2024-10-28,3,19.99,0
1199,4104,Pro,2023-10-21,2024-10-19,12,34.99,0
1200,4106,Basic,2025-03-09,2025-06-08,3,9.99,0
1201,4109,Plus,2024-10-10,2025-01-09,3,19.99,0
1202,4111,Basic,2025-08-06,2025-11-05,3,9.99,1
1203,4117,Pro,2023-01-20,2024-01-19,12,34.99,0
1204,4120,Plus,2025-04-27,2026-04-26,12,19.99,1
1205,4124,Plus,2023-09-22,2024-09-20,12,19.99,0
1206,4127,Plus,2023-02-19,2023-05-21,3,19.99,0
1207,4129,Plus,2023-09-23,2023-12-23,3,19.99,0
1208,4130,Basic,2025-07-22,2025-10-21,3,9.99,1
1209,4133,Plus,2025-03-10,2025-06-09,3,19.99,0
1210,4135,Basic,2023-01-16,2023-04-17,3,9.99,0
1211,4139,Pro,2024-07-05,2025-01-03,6,34.99,0
1212,4142,Basic,2024-05-25,2024-08-24,3,9.99,0
1213,4143,Plus,2024-10-29,2025-10-28,12,19.99,1
1214,4146,Basic,2025-08-04,2025-11-03,3,9.99,1
1215,4151,Pro,2023-05-02,2024-04-30,12,34.99,0
1216,4153,Basic,2023-08-11,2024-02-09,6,9.99,0
1217,4155,Basic,2025-06-27,2026-06-26,12,9.99,1
1218,4157,Plus,2023-04-07,2023-10-06,6,19.99,0
1219,4159,Plus,2024-04-23,2025-04-22,12,19.99,0
1220,4164,Plus,2024-02-18,2025-08-18,18,19.99,0
1221,4166,Basic,2024-08-17,2024-11-16,3,9.99,0
1222,4171,Plus,2024-11-24,2025-11-23,12,19.99,1
1223,4178,Plus,2023-03-01,2023-05-31,3,19.99,0
1224,4180,Plus,2023-02-21,2023-08-22,6,19.99,0
1225,4182,Basic,2023-09-07,2024-03-07,6,9.99,0
1226,4183,Plus,2023-09-04,2024-09-02,12,19.99,0
1227,4187,Pro,2024-12-30,2025-03-31,3,34.99,0
1228,4192,Basic,2025-05-03,2025-08-02,3,9.99,0
1229,4193,Plus,2023-05-05,2024-11-02,18,19.99,0
1230,4197,Basic,2024-10-05,2026-04-05,18,9.99,1
1231,4198,Plus,2024-07-31,2024-10-30,3,19.99,0
1232,4199,Basic,2023-09-02,2024-03-02,6,9.99,0
1233,4212,Basic,2024-07-16,2024-10-15,3,9.99,0
1234,4213,Basic,2024-12-20,2025-03-21,3,9.99,0
1235,4224,Plus,2023-11-05,2024-02-04,3,19.99,0
1236,4227,Plus,2023-09-29,2024-09-27,12,19.99,0
1237,4232,Plus,2023-05-29,2024-05-27,12,19.99,0
1238,4236,Basic,2023-08-29,2024-02-27,6,9.99,0
1239,4242,Plus,2024-09-05,2024-12-05,3,19.99,0
1240,4245,Basic,2025-08-22,2025-11-21,3,9.99,1
1241,4249,Plus,2023-04-24,2023-10-23,6,19.99,0
1242,4250,Plus,2025-05-28,2025-11-26,6,19.99,1
1243,4251,Basic,2023-06-27,2023-09-26,3,9.99,0
1244,4252,Plus,2023-03-24,2023-09-22,6,19.99,0
1245,4256,Plus,2025-07-06,2026-01-04,6,19.99,1
1246,4259,Plus,2024-02-19,2024-05-20,3,19.99,0
1247,4260,Basic,2024-12-20,2025-06-20,6,9.99,0
1248,4265,Basic,2023-12-17,2024-03-17,3,9.99,0
1249,4272,Plus,2024-07-15,2024-10-14,3,19.99,0
1250,4273,Pro,2024-09-12,2025-03-13,6,34.99,0
1251,4276,Basic,2023-10-05,2024-04-04,6,9.99,0
1252,4279,Basic,2024-01-06,2025-01-04,12,9.99,0
1253,4283,Plus,2024-08-16,2025-08-15,12,19.99,0
1254,4290,Basic,2023-12-26,2024-03-26,3,9.99,0
1255,4292,Basic,2024-10-18,2025-04-18,6,9.99,0
1256,4296,Pro,2023-08-12,2023-11-11,3,34.99,0
1257,4297,Plus,2025-07-28,2026-01-26,6,19.99,1
1258,4301,Basic,2023-01-07,2024-07-07,18,9.99,0
1259,4302,Pro,2025-05-29,2025-08-28,3,34.99,0
1260,4303,Basic,2025-04-06,2025-07-06,3,9.99,0
1261,4305,Plus,2024-05-25,2024-08-24,3,19.99,0
1262,4306,Plus,2023-11-24,2024-11-22,12,19.99,0
1263,4308,Plus,2023-09-12,2023-12-12,3,19.99,0
1264,4313,Plus,2025-04-11,2026-10-10,18,19.99,1
1265,4315,Basic,2023-03-30,2023-09-28,6,9.99,0
1266,4316,Basic,2023-10-12,2024-01-11,3,9.99,0
1267,4319,Pro,2025-01-12,2025-07-13,6,34.99,0
1268,4321,Basic,2024-09-16,2025-09-15,12,9.99,0
1269,4333,Plus,2023-01-11,2023-07-12,6,19.99,0
1270,4336,Basic,2024-06-18,2024-12-17,6,9.99,0
1271,4343,Plus,2024-07-10,2024-10-09,3,19.99,0
1272,4349,Plus,2023-03-31,2023-06-30,3,19.99,0
1273,4350,Plus,2023-12-09,2024-06-08,6,19.99,0
1274,4357,Plus,2025-09-07,2025-12-07,3,19.99,1
1275,4358,Plus,2024-12-28,2025-03-29,3,19.99,0
1276,4361,Basic,2024-01-15,2024-07-15,6,9.99,0
1277,4362,Pro,2025-03-10,2026-09-08,18,34.99,1
1278,4364,Plus,2023-10-29,2024-01-28,3,19.99,0
1279,4369,Pro,2025-09-01,2026-03-02,6,34.99,1
1280,4371,Basic,2025-04-06,2025-07-06,3,9.99,0
1281,4376,Plus,2023-04-15,2023-10-14,6,19.99,0
1282,4378,Basic,2024-08-30,2024-11-29,3,9.99,0
1283,4380,Basic,2023-06-12,2024-06-10,12,9.99,0
1284,4386,Basic,2024-12-30,2025-06-30,6,9.99,0
1285,4387,Basic,2023-03-19,2023-06-18,3,9.99,0
1286,4389,Plus,2023-08-02,2023-11-01,3,19.99,0
1287,4391,Pro,2023-12-04,2024-03-04,3,34.99,0
1288,4393,Basic,2023-05-10,2023-08-09,3,9.99,0
1289,4395,Pro,2024-01-29,2024-04-29,3,34.99,0
1290,4400,Pro,2023-06-29,2023-12-28,6,34.99,0
1291,4403,Pro,2024-07-12,2025-01-10,6,34.99,0
1292,4411,Plus,2025-09-01,2026-08-31,12,19.99,1
1293,4423,Basic,2023-09-09,2024-03-09,6,9.99,0
1294,4428,Basic,2024-07-15,2025-01-13,6,9.99,0
1295,4429,Plus,2025-03-06,2026-09-04,18,19.99,1
1296,4432,Plus,2024-01-22,2025-01-20,12,19.99,0
1297,4434,Basic,2024-12-09,2025-06-09,6,9.99,0
1298,4441,Plus,2025-02-22,2026-02-21,12,19.99,1
1299,4445,Plus,2024-01-10,2024-07-10,6,19.99,0
1300,4448,Basic,2025-01-19,2026-01-18,12,9.99,1
1301,4460,Plus,2023-12-28,2024-03-28,3,19.99,0
1302,4465,Basic,2024-01-07,2025-07-07,18,9.99,0
1303,4466,Pro,2023-05-31,2024-05-29,12,34.99,0
1304,4469,Plus,2024-05-24,2024-11-22,6,19.99,0
1305,4471,Plus,2023-09-12,2023-12-12,3,19.99,0
1306,4477,Basic,2024-11-09,2025-02-08,3,9.99,0
1307,4479,Basic,2024-06-14,2025-06-13,12,9.99,0
1308,4484,Basic,2025-08-26,2027-02-24,18,9.99,1
1309,4488,Basic,2024-01-15,2025-01-13,12,9.99,0
1310,4495,Pro,2023-02-12,2024-02-11,12,34.99,0
1311,4509,Basic,2024-04-17,2024-07-17,3,9.99,0
1312,4510,Plus,2024-09-30,2025-03-31,6,19.99,0
1313,4514,Basic,2023-05-26,2023-11-24,6,9.99,0
1314,4517,Basic,2023-06-09,2024-06-07,12,9.99,0
1315,4520,Basic,2025-03-08,2025-09-06,6,9.99,0
1316,4536,Plus,2025-02-24,2026-02-23,12,19.99,1
1317,4537,Basic,2025-09-03,2026-03-04,6,9.99,1
1318,4543,Plus,2024-11-20,2025-02-19,3,19.99,0
1319,4544,Pro,2024-03-18,2024-06-17,3,34.99,0
1320,4551,Basic,2023-12-10,2024-03-10,3,9.99,0
1321,4553,Basic,2025-02-16,2025-05-18,3,9.99,0
1322,4556,Basic,2023-07-02,2023-10-01,3,9.99,0
1323,4557,Basic,2023-06-22,2023-09-21,3,9.99,0
1324,4559,Basic,2024-11-19,2025-02-18,3,9.99,0
1325,4560,Plus,2024-01-11,2024-04-11,3,19.99,0
1326,4568,Basic,2023-02-20,2023-05-22,3,9.99,0
1327,4569,Basic,2023-12-28,2024-12-26,12,9.99,0
1328,4570,Plus,2023-07-07,2024-07-05,12,19.99,0
1329,4571,Basic,2023-06-04,2024-06-02,12,9.99,0
1330,4574,Plus,2023-02-16,2023-05-18,3,19.99,0
1331,4575,Basic,2023-04-25,2023-10-24,6,9.99,0
1332,4580,Plus,2024-08-18,2024-11-17,3,19.99,0
1333,4582,Plus,2024-01-04,2024-04-04,3,19.99,0
1334,4584,Plus,2025-01-17,2025-04-18,3,19.99,0
1335,4586,Basic,2023-10-11,2024-04-10,6,9.99,0
1336,4592,Plus,2025-05-29,2025-11-27,6,19.99,1
1337,4593,Basic,2023-10-25,2024-04-24,6,9.99,0
1338,4598,Basic,2025-07-02,2025-10-01,3,9.99,1
1339,4599,Basic,2023-01-18,2023-04-19,3,9.99,0
1340,4601,Basic,2025-08-23,2026-08-22,12,9.99,1
1341,4603,Basic,2024-03-31,2025-03-30,12,9.99,0
1342,4604,Basic,2024-10-07,2025-01-06,3,9.99,0
1343,4612,Plus,2023-12-27,2024-12-25,12,19.99,0
1344,4615,Basic,2025-08-31,2026-03-01,6,9.99,1
1345,4619,Basic,2025-01-31,2026-01-30,12,9.99,1
1346,4621,Pro,2025-02-11,2026-02-10,12,34.99,1
1347,4623,Basic,2025-05-07,2025-11-05,6,9.99,1
1348,4627,Basic,2024-07-30,2024-10-29,3,9.99,0
1349,4637,Plus,2023-09-29,2024-03-29,6,19.99,0
1350,4638,Basic,2024-12-25,2025-03-26,3,9.99,0
1351,4645,Plus,2023-06-17,2023-12-16,6,19.99,0
1352,4647,Plus,2024-05-11,2025-05-10,12,19.99,0
1353,4649,Basic,2024-12-15,2025-06-15,6,9.99,0
1354,4655,Plus,2024-11-28,2025-02-27,3,19.99,0
1355,4658,Basic,2025-04-01,2025-09-30,6,9.99,1
1356,4661,Pro,2025-03-03,2026-03-02,12,34.99,1
1357,4672,Pro,2024-06-07,2024-09-06,3,34.99,0
1358,4673,Plus,2023-12-03,2024-12-01,12,19.99,0
1359,4675,Plus,2024-03-17,2024-09-15,6,19.99,0
1360,4679,Plus,2023-10-30,2024-04-29,6,19.99,0
1361,4681,Plus,2023-11-30,2024-05-30,6,19.99,0
1362,4685,Plus,2024-11-26,2025-11-25,12,19.99,1
1363,4693,Plus,2023-01-26,2023-07-27,6,19.99,0
1364,4695,Plus,2024-11-08,2025-05-09,6,19.99,0
1365,4696,Basic,2023-08-29,2024-02-27,6,9.99,0
1366,4699,Basic,2023-06-30,2024-06-28,12,9.99,0
1367,4705,Basic,2025-09-09,2026-09-08,12,9.99,1
1368,4709,Basic,2024-01-16,2024-04-16,3,9.99,0
1369,4711,Basic,2025-06-10,2025-09-09,3,9.99,0
1370,4715,Basic,2024-08-26,2025-02-24,6,9.99,0
1371,4719,Pro,2023-02-21,2023-05-23,3,34.99,0
1372,4723,Basic,2023-10-18,2024-01-17,3,9.99,0
1373,4728,Plus,2023-08-19,2024-08-17,12,19.99,0
1374,4731,Basic,2024-10-30,2025-04-30,6,9.99,0
1375,4735,Basic,2024-11-18,2025-02-17,3,9.99,0
1376,4737,Basic,2023-08-16,2024-02-14,6,9.99,0
1377,4740,Basic,2024-07-27,2024-10-26,3,9.99,0
1378,4741,Plus,2023-05-21,2023-08-20,3,19.99,0
1379,4745,Plus,2024-11-11,2025-05-12,6,19.99,0
1380,4747,Basic,2025-06-15,2025-12-14,6,9.99,1
1381,4748,Pro,2023-03-03,2024-03-01,12,34.99,0
1382,4754,Basic,2024-02-22,2024-08-22,6,9.99,0
1383,4756,Basic,2025-08-01,2026-01-30,6,9.99,1
1384,4758,Basic,2025-09-01,2026-03-02,6,9.99,1
1385,4760,Basic,2023-05-01,2023-10-30,6,9.99,0
1386,4768,Pro,2025-04-19,2025-07-19,3,34.99,0
1387,4769,Basic,2024-11-26,2025-02-25,3,9.99,0
1388,4780,Basic,2023-08-21,2024-02-19,6,9.99,0
1389,4781,Basic,2023-04-10,2024-04-08,12,9.99,0
1390,4791,Basic,2023-10-12,2024-04-11,6,9.99,0
1391,4795,Basic,2025-04-21,2025-07-21,3,9.99,0
1392,4798,Pro,2024-06-20,2025-06-19,12,34.99,0
1393,4801,Basic,2025-07-09,2026-07-08,12,9.99,1
1394,4803,Plus,2025-08-04,2025-11-03,3,19.99,1
1395,4812,Pro,2024-05-14,2025-11-12,18,34.99,1
1396,4817,Basic,2024-03-24,2024-09-22,6,9.99,0
1397,4819,Basic,2023-12-11,2024-03-11,3,9.99,0
1398,4825,Pro,2025-06-20,2025-12-19,6,34.99,1
1399,4829,Plus,2024-11-25,2025-11-24,12,19.99,1
1400,4838,Plus,2023-11-25,2025-05-25,18,19.99,0
1401,4840,Plus,2023-05-26,2024-11-23,18,19.99,0
1402,4842,Plus,2023-04-23,2024-10-21,18,19.99,0
1403,4844,Basic,2024-06-05,2025-12-04,18,9.99,1
1404,4848,Pro,2025-07-20,2026-07-19,12,34.99,1
1405,4850,Plus,2025-07-15,2026-01-13,6,19.99,1
1406,4851,Plus,2024-01-16,2024-04-16,3,19.99,0
1407,4854,Basic,2025-06-22,2026-06-21,12,9.99,1
1408,4856,Plus,2023-03-30,2023-06-29,3,19.99,0
1409,4865,Basic,2023-10-23,2024-04-22,6,9.99,0
1410,4873,Plus,2023-06-05,2023-09-04,3,19.99,0
1411,4879,Basic,2024-03-24,2024-06-23,3,9.99,0
1412,4890,Basic,2024-05-29,2025-11-27,18,9.99,1
1413,4891,Basic,2024-11-26,2025-11-25,12,9.99,1
1414,4892,Plus,2023-10-20,2024-10-18,12,19.99,0
1415,4893,Plus,2024-06-18,2024-09-17,3,19.99,0
1416,4903,Plus,2025-09-09,2025-12-09,3,19.99,1
1417,4904,Basic,2024-03-08,2025-03-07,12,9.99,0
1418,4909,Plus,2024-01-14,2024-04-14,3,19.99,0
1419,4915,Plus,2025-03-14,2025-06-13,3,19.99,0
1420,4918,Pro,2024-02-29,2024-08-29,6,34.99,0
1421,4919,Plus,2024-12-26,2025-12-25,12,19.99,1
1422,4921,Basic,2023-02-26,2024-02-25,12,9.99,0
1423,4923,Plus,2025-01-31,2025-05-02,3,19.99,0
1424,4924,Plus,2025-07-17,2025-10-16,3,19.99,1
1425,4925,Plus,2023-11-13,2024-11-11,12,19.99,0
1426,4929,Plus,2024-04-19,2025-04-18,12,19.99,0
1427,4934,Basic,2024-09-02,2024-12-02,3,9.99,0
1428,4935,Plus,2024-01-06,2024-04-06,3,19.99,0
1429,4936,Basic,2025-07-14,2025-10-13,3,9.99,1
1430,4937,Basic,2024-10-28,2025-10-27,12,9.99,1
1431,4942,Basic,2024-12-24,2025-03-25,3,9.99,0
1432,4948,Basic,2023-09-19,2024-03-19,6,9.99,0
1433,4949,Pro,2023-04-05,2023-10-04,6,34.99,0
1434,4952,Basic,2024-09-24,2026-03-25,18,9.99,1
1435,4962,Plus,2024-03-23,2025-03-22,12,19.99,0
1436,4968,Basic,2023-08-24,2024-08-22,12,9.99,0
1437,4969,Basic,2025-06-21,2025-12-20,6,9.99,1
1438,4971,Basic,2023-11-04,2024-11-02,12,9.99,0
1439,4973,Plus,2023-08-01,2023-10-31,3,19.99,0
1440,4975,Basic,2024-01-05,2024-04-05,3,9.99,0
1441,4985,Basic,2024-03-11,2024-06-10,3,9.99,0
1442,4991,Plus,2024-01-19,2024-04-19,3,19.99,0
1443,4998,Plus,2024-05-04,2025-05-03,12,19.99,0
